name,A7J11_01233+.assembled,A7J11_01233+.ref_seq,A7J11_01233+.pct_id,A7J11_01233+.ctg_cov,aac_3__II-.assembled,aac_3__II-.ref_seq,aac_3__II-.pct_id,aac_3__II-.ctg_cov,aac_6___Ib+.assembled,aac_6___Ib+.ref_seq,aac_6___Ib+.pct_id,aac_6___Ib+.ctg_cov,aadA-.assembled,aadA-.ref_seq,aadA-.pct_id,aadA-.ctg_cov,aadA-_1.assembled,aadA-_1.ref_seq,aadA-_1.pct_id,aadA-_1.ctg_cov,aadA1+.assembled,aadA1+.ref_seq,aadA1+.pct_id,aadA1+.ctg_cov,aadA2+.assembled,aadA2+.ref_seq,aadA2+.pct_id,aadA2+.ctg_cov,aph_3____Ib.assembled,aph_3____Ib.ref_seq,aph_3____Ib.pct_id,aph_3____Ib.ctg_cov,aph_6__Id.assembled,aph_6__Id.ref_seq,aph_6__Id.pct_id,aph_6__Id.ctg_cov,armA.assembled,armA.ref_seq,armA.pct_id,armA.ctg_cov,arr-.assembled,arr-.ref_seq,arr-.pct_id,arr-.ctg_cov,bla-.assembled,bla-.ref_seq,bla-.pct_id,bla-.ctg_cov,bla-_7.assembled,bla-_7.ref_seq,bla-_7.pct_id,bla-_7.ctg_cov,blaAFM_1.assembled,blaAFM_1.ref_seq,blaAFM_1.pct_id,blaAFM_1.ctg_cov,blaCTX_M_-.assembled,blaCTX_M_-.ref_seq,blaCTX_M_-.pct_id,blaCTX_M_-.ctg_cov,blaEC-.assembled,blaEC-.ref_seq,blaEC-.pct_id,blaEC-.ctg_cov,blaNDM_-.assembled,blaNDM_-.ref_seq,blaNDM_-.pct_id,blaNDM_-.ctg_cov,blaOXA_-_10.assembled,blaOXA_-_10.ref_seq,blaOXA_-_10.pct_id,blaOXA_-_10.ctg_cov,blaOXA_-_31.assembled,blaOXA_-_31.ref_seq,blaOXA_-_31.pct_id,blaOXA_-_31.ctg_cov,blaOXA_-_35.assembled,blaOXA_-_35.ref_seq,blaOXA_-_35.pct_id,blaOXA_-_35.ctg_cov,blaTEM_-.assembled,blaTEM_-.ref_seq,blaTEM_-.pct_id,blaTEM_-.ctg_cov,ble_2.assembled,ble_2.ref_seq,ble_2.pct_id,ble_2.ctg_cov,catA1.assembled,catA1.ref_seq,catA1.pct_id,catA1.ctg_cov,catB3.assembled,catB3.ref_seq,catB3.pct_id,catB3.ctg_cov,catB8+.assembled,catB8+.ref_seq,catB8+.pct_id,catB8+.ctg_cov,cmlA-.assembled,cmlA-.ref_seq,cmlA-.pct_id,cmlA-.ctg_cov,dfrA-.assembled,dfrA-.ref_seq,dfrA-.pct_id,dfrA-.ctg_cov,dfrA1.assembled,dfrA1.ref_seq,dfrA1.pct_id,dfrA1.ctg_cov,dfrA12.assembled,dfrA12.ref_seq,dfrA12.pct_id,dfrA12.ctg_cov,dfrB4.assembled,dfrB4.ref_seq,dfrB4.pct_id,dfrB4.ctg_cov,ere_A-.assembled,ere_A-.ref_seq,ere_A-.pct_id,ere_A-.ctg_cov,erm_B_.assembled,erm_B_.ref_seq,erm_B_.pct_id,erm_B_.ctg_cov,mcr_4.assembled,mcr_4.ref_seq,mcr_4.pct_id,mcr_4.ctg_cov,mef_B_.assembled,mef_B_.ref_seq,mef_B_.pct_id,mef_B_.ctg_cov,mph_A_.assembled,mph_A_.ref_seq,mph_A_.pct_id,mph_A_.ctg_cov,mph_E_.assembled,mph_E_.ref_seq,mph_E_.pct_id,mph_E_.ctg_cov,msr_E_.assembled,msr_E_.ref_seq,msr_E_.pct_id,msr_E_.ctg_cov,qac-.assembled,qac-.ref_seq,qac-.pct_id,qac-.ctg_cov,qacE-.assembled,qacE-.ref_seq,qacE-.pct_id,qacE-.ctg_cov,qepA-.assembled,qepA-.ref_seq,qepA-.pct_id,qepA-.ctg_cov,qnrA-.assembled,qnrA-.ref_seq,qnrA-.pct_id,qnrA-.ctg_cov,qnrS-.assembled,qnrS-.ref_seq,qnrS-.pct_id,qnrS-.ctg_cov,rmtB-.assembled,rmtB-.ref_seq,rmtB-.pct_id,rmtB-.ctg_cov,sat2+.assembled,sat2+.ref_seq,sat2+.pct_id,sat2+.ctg_cov,sul1.assembled,sul1.ref_seq,sul1.pct_id,sul1.ctg_cov,sul2.assembled,sul2.ref_seq,sul2.pct_id,sul2.ctg_cov,sul3.assembled,sul3.ref_seq,sul3.pct_id,sul3.ctg_cov,tet_A_.assembled,tet_A_.ref_seq,tet_A_.pct_id,tet_A_.ctg_cov,tet_B_.assembled,tet_B_.ref_seq,tet_B_.pct_id,tet_B_.ctg_cov,tet_D_.assembled,tet_D_.ref_seq,tet_D_.pct_id,tet_D_.ctg_cov
G18250057,partial,A7J11_01233.NG_047213.1,99.31,22.9,no,NA,NA,NA,yes,aac_6___Ib_cr5.NG_051711.1,99.82,25.1,no,NA,NA,NA,yes,aadA5.NG_047357.1,100,37.6,no,NA,NA,NA,no,NA,NA,NA,no,NA,NA,NA,no,NA,NA,NA,no,NA,NA,NA,no,NA,NA,NA,no,NA,NA,NA,no,NA,NA,NA,no,NA,NA,NA,yes,blaCTX_M_15.NG_048935.1,100,35.9,yes,blaEC_15.NG_049081.1,98.5,23.5,no,NA,NA,NA,yes,blaOXA_1.NG_049392.1,100,39.5,no,NA,NA,NA,no,NA,NA,NA,yes,blaTEM_35.NG_050264.1,99.88,38.8,no,NA,NA,NA,no,NA,NA,NA,partial,catB3.NG_052455.1,100,26.7,no,NA,NA,NA,no,NA,NA,NA,yes,dfrA17.NG_065416.1,99.79,33.2,no,NA,NA,NA,no,NA,NA,NA,no,NA,NA,NA,no,NA,NA,NA,no,NA,NA,NA,no,NA,NA,NA,no,NA,NA,NA,yes,mph_A_.NG_047985.1,100,40.1,no,NA,NA,NA,no,NA,NA,NA,no,NA,NA,NA,yes,qacEdelta1.NG_048042.1,100,25,no,NA,NA,NA,no,NA,NA,NA,no,NA,NA,NA,no,NA,NA,NA,no,NA,NA,NA,yes,sul1.NG_048082.1,100,34.9,no,NA,NA,NA,no,NA,NA,NA,no,NA,NA,NA,yes,tet_B_.NG_048163.1,100,41.5,no,NA,NA,NA
G18250058,no,NA,NA,NA,no,NA,NA,NA,no,NA,NA,NA,no,NA,NA,NA,yes,aadA5.NG_047357.1,100,44.4,no,NA,NA,NA,no,NA,NA,NA,yes,aph_3____Ib.NG_056002.2,100,30.7,yes,aph_6__Id.NG_047466.1,100,19.4,no,NA,NA,NA,no,NA,NA,NA,no,NA,NA,NA,no,NA,NA,NA,no,NA,NA,NA,yes,blaCTX_M_15.NG_048935.1,100,23,yes,blaEC_5.NG_049085.1,99.47,28.6,no,NA,NA,NA,no,NA,NA,NA,no,NA,NA,NA,no,NA,NA,NA,no,NA,NA,NA,no,NA,NA,NA,no,NA,NA,NA,no,NA,NA,NA,no,NA,NA,NA,no,NA,NA,NA,yes,dfrA17.NG_065416.1,99.79,34.8,no,NA,NA,NA,no,NA,NA,NA,no,NA,NA,NA,no,NA,NA,NA,no,NA,NA,NA,no,NA,NA,NA,no,NA,NA,NA,yes,mph_A_.NG_047985.1,100,32.6,no,NA,NA,NA,no,NA,NA,NA,no,NA,NA,NA,yes,qacEdelta1.NG_048042.1,100,26.8,no,NA,NA,NA,no,NA,NA,NA,no,NA,NA,NA,no,NA,NA,NA,no,NA,NA,NA,yes,sul1.NG_048082.1,100,34.2,yes,sul2.NG_051852.1,100,32.6,no,NA,NA,NA,yes,tet_A_.NG_048154.1,100,32.2,no,NA,NA,NA,no,NA,NA,NA
G18250059,no,NA,NA,NA,yes,aac_3__IIa.NG_047244.1,99.77,22.6,no,NA,NA,NA,no,NA,NA,NA,yes,aadA5.NG_047357.1,100,45.1,no,NA,NA,NA,no,NA,NA,NA,no,NA,NA,NA,no,NA,NA,NA,no,NA,NA,NA,no,NA,NA,NA,no,NA,NA,NA,no,NA,NA,NA,no,NA,NA,NA,yes,blaCTX_M_15.NG_048935.1,100,47.2,yes,blaEC_5.NG_049085.1,99.47,26.5,no,NA,NA,NA,no,NA,NA,NA,no,NA,NA,NA,no,NA,NA,NA,no,NA,NA,NA,no,NA,NA,NA,no,NA,NA,NA,no,NA,NA,NA,no,NA,NA,NA,no,NA,NA,NA,yes,dfrA17.NG_065416.1,99.79,38.5,no,NA,NA,NA,no,NA,NA,NA,no,NA,NA,NA,no,NA,NA,NA,partial,erm_B_.NG_047801.1,99.06,27.7,no,NA,NA,NA,no,NA,NA,NA,yes,mph_A_.NG_047985.1,100,41.4,no,NA,NA,NA,no,NA,NA,NA,no,NA,NA,NA,yes,qacEdelta1.NG_048042.1,100,32.4,no,NA,NA,NA,no,NA,NA,NA,no,NA,NA,NA,no,NA,NA,NA,no,NA,NA,NA,yes,sul1.NG_048082.1,100,41.4,no,NA,NA,NA,no,NA,NA,NA,no,NA,NA,NA,no,NA,NA,NA,no,NA,NA,NA
G18250060,partial,A7J11_01233.NG_047213.1,99.31,24.9,no,NA,NA,NA,yes,aac_6___Ib_cr5.NG_051711.1,99.82,28,no,NA,NA,NA,partial,aadA5.NG_051894.1,100,34.8,no,NA,NA,NA,no,NA,NA,NA,no,NA,NA,NA,no,NA,NA,NA,no,NA,NA,NA,no,NA,NA,NA,no,NA,NA,NA,no,NA,NA,NA,no,NA,NA,NA,yes,blaCTX_M_15.NG_048935.1,100,33.9,yes,blaEC_5.NG_049085.1,99.47,23.7,no,NA,NA,NA,yes,blaOXA_1.NG_049392.1,100,42.6,no,NA,NA,NA,no,NA,NA,NA,no,NA,NA,NA,no,NA,NA,NA,no,NA,NA,NA,partial,catB3.NG_052455.1,100,26.6,no,NA,NA,NA,no,NA,NA,NA,yes,dfrA17.NG_065416.1,99.79,32.4,no,NA,NA,NA,no,NA,NA,NA,no,NA,NA,NA,no,NA,NA,NA,no,NA,NA,NA,no,NA,NA,NA,no,NA,NA,NA,no,NA,NA,NA,no,NA,NA,NA,no,NA,NA,NA,no,NA,NA,NA,no,NA,NA,NA,no,NA,NA,NA,no,NA,NA,NA,no,NA,NA,NA,no,NA,NA,NA,no,NA,NA,NA,no,NA,NA,NA,no,NA,NA,NA,no,NA,NA,NA,no,NA,NA,NA,no,NA,NA,NA,no,NA,NA,NA
G18250065,partial,A7J11_01233.NG_047213.1,99.31,23.4,no,NA,NA,NA,yes,aac_6___Ib_cr5.NG_051711.1,99.82,23.3,no,NA,NA,NA,yes,aadA5.NG_047357.1,100,28,no,NA,NA,NA,yes,aadA2.NG_047343.1,100,34.1,no,NA,NA,NA,no,NA,NA,NA,no,NA,NA,NA,no,NA,NA,NA,yes,blaCMY_42.NG_048837.1,100,31.7,no,NA,NA,NA,partial,blaAFM_1.NG_063835.1,90.57,2.7,no,NA,NA,NA,yes,blaEC_16.NG_049082.1,99.91,19.4,yes,blaNDM_5.NG_049337.1,100,25.2,yes,blaOXA_1.NG_049392.1,100,30.5,no,NA,NA,NA,no,NA,NA,NA,yes_nonunique,blaTEM_1.NG_050145.1,100,62,yes,ble.NG_047559.1,100,26.7,no,NA,NA,NA,partial,catB3.NG_052455.1,100,20.5,no,NA,NA,NA,no,NA,NA,NA,yes,dfrA17.NG_065416.1,99.79,24.7,no,NA,NA,NA,yes,dfrA12.NG_047689.1,100,26.5,no,NA,NA,NA,no,NA,NA,NA,no,NA,NA,NA,no,NA,NA,NA,no,NA,NA,NA,no,NA,NA,NA,no,NA,NA,NA,no,NA,NA,NA,no,NA,NA,NA,yes_nonunique,qacEdelta1.NG_048042.1,100,52.5,no,NA,NA,NA,no,NA,NA,NA,no,NA,NA,NA,yes,rmtB1.NG_048058.1,100,29.7,no,NA,NA,NA,yes,sul1.NG_048082.1,100,50.2,no,NA,NA,NA,no,NA,NA,NA,no,NA,NA,NA,yes,tet_B_.NG_048163.1,100,28.6,no,NA,NA,NA
G18250068,no,NA,NA,NA,yes,aac_3__IIa.NG_047244.1,99.77,23.9,partial,aac_6___Ib.NG_052503.1,98.91,21.5,no,NA,NA,NA,yes,aadA5.NG_047357.1,100,42.4,no,NA,NA,NA,no,NA,NA,NA,no,NA,NA,NA,no,NA,NA,NA,no,NA,NA,NA,no,NA,NA,NA,no,NA,NA,NA,no,NA,NA,NA,no,NA,NA,NA,yes,blaCTX_M_15.NG_048935.1,100,25.5,yes,blaEC_5.NG_049085.1,99.47,25.2,no,NA,NA,NA,yes,blaOXA_1.NG_049392.1,100,26.9,no,NA,NA,NA,no,NA,NA,NA,no,NA,NA,NA,no,NA,NA,NA,no,NA,NA,NA,partial,catB3.NG_052455.1,100,16.6,no,NA,NA,NA,no,NA,NA,NA,yes,dfrA17.NG_065416.1,99.79,36.3,no,NA,NA,NA,no,NA,NA,NA,no,NA,NA,NA,no,NA,NA,NA,no,NA,NA,NA,no,NA,NA,NA,no,NA,NA,NA,yes,mph_A_.NG_047985.1,100,39.1,no,NA,NA,NA,no,NA,NA,NA,no,NA,NA,NA,yes,qacEdelta1.NG_048042.1,100,29.3,no,NA,NA,NA,no,NA,NA,NA,no,NA,NA,NA,no,NA,NA,NA,no,NA,NA,NA,yes,sul1.NG_048082.1,100,37.3,no,NA,NA,NA,no,NA,NA,NA,yes,tet_A_.NG_048154.1,100,46.8,no,NA,NA,NA,no,NA,NA,NA
G18250069,no,NA,NA,NA,no,NA,NA,NA,no,NA,NA,NA,no,NA,NA,NA,no,NA,NA,NA,no,NA,NA,NA,no,NA,NA,NA,no,NA,NA,NA,no,NA,NA,NA,no,NA,NA,NA,no,NA,NA,NA,yes,blaCMY_42.NG_048837.1,100,70.1,no,NA,NA,NA,no,NA,NA,NA,no,NA,NA,NA,yes,blaEC_8.NG_049086.1,98.24,27.6,no,NA,NA,NA,no,NA,NA,NA,no,NA,NA,NA,yes,blaOXA_181.NG_049482.1,100,52.6,yes_nonunique,blaTEM_1.NG_050145.1,100,216.6,no,NA,NA,NA,no,NA,NA,NA,no,NA,NA,NA,no,NA,NA,NA,no,NA,NA,NA,no,NA,NA,NA,no,NA,NA,NA,no,NA,NA,NA,no,NA,NA,NA,partial,ere_A_.NG_047765.1,94.08,19.2,no,NA,NA,NA,no,NA,NA,NA,no,NA,NA,NA,yes,mph_A_.NG_047985.1,99.89,96.7,no,NA,NA,NA,no,NA,NA,NA,no,NA,NA,NA,no,NA,NA,NA,no,NA,NA,NA,no,NA,NA,NA,yes,qnrS1.NG_050543.1,100,65.6,no,NA,NA,NA,no,NA,NA,NA,no,NA,NA,NA,no,NA,NA,NA,no,NA,NA,NA,no,NA,NA,NA,no,NA,NA,NA,no,NA,NA,NA
G18250070,no,NA,NA,NA,no,NA,NA,NA,no,NA,NA,NA,no,NA,NA,NA,no,NA,NA,NA,no,NA,NA,NA,no,NA,NA,NA,no,NA,NA,NA,no,NA,NA,NA,no,NA,NA,NA,no,NA,NA,NA,yes,blaCMY_42.NG_048837.1,100,57.1,no,NA,NA,NA,no,NA,NA,NA,no,NA,NA,NA,yes,blaEC_8.NG_049086.1,98.24,26.7,no,NA,NA,NA,no,NA,NA,NA,no,NA,NA,NA,yes,blaOXA_181.NG_049482.1,100,32.3,yes_nonunique,blaTEM_1.NG_050145.1,100,150.6,no,NA,NA,NA,no,NA,NA,NA,no,NA,NA,NA,no,NA,NA,NA,no,NA,NA,NA,no,NA,NA,NA,no,NA,NA,NA,no,NA,NA,NA,no,NA,NA,NA,partial,ere_A_.NG_047765.1,94.08,17.9,no,NA,NA,NA,no,NA,NA,NA,no,NA,NA,NA,yes,mph_A_.NG_047985.1,99.89,64.5,no,NA,NA,NA,no,NA,NA,NA,no,NA,NA,NA,no,NA,NA,NA,no,NA,NA,NA,no,NA,NA,NA,yes,qnrS1.NG_050543.1,100,39.5,no,NA,NA,NA,no,NA,NA,NA,no,NA,NA,NA,no,NA,NA,NA,no,NA,NA,NA,no,NA,NA,NA,no,NA,NA,NA,no,NA,NA,NA
G18250072,no,NA,NA,NA,no,NA,NA,NA,no,NA,NA,NA,no,NA,NA,NA,yes,aadA5.NG_047357.1,100,32.4,no,NA,NA,NA,no,NA,NA,NA,yes,aph_3____Ib.NG_056002.2,100,32.9,yes,aph_6__Id.NG_047466.1,100,23.8,no,NA,NA,NA,no,NA,NA,NA,no,NA,NA,NA,no,NA,NA,NA,no,NA,NA,NA,yes,blaCTX_M_15.NG_048935.1,100,36.1,yes,blaEC_5.NG_049085.1,99.47,20.9,no,NA,NA,NA,no,NA,NA,NA,no,NA,NA,NA,no,NA,NA,NA,no,NA,NA,NA,no,NA,NA,NA,no,NA,NA,NA,no,NA,NA,NA,no,NA,NA,NA,no,NA,NA,NA,yes,dfrA17.NG_065416.1,99.79,29.5,no,NA,NA,NA,no,NA,NA,NA,no,NA,NA,NA,no,NA,NA,NA,no,NA,NA,NA,no,NA,NA,NA,no,NA,NA,NA,yes,mph_A_.NG_047985.1,100,37.1,no,NA,NA,NA,no,NA,NA,NA,no,NA,NA,NA,yes,qacEdelta1.NG_048042.1,100,26.3,no,NA,NA,NA,no,NA,NA,NA,no,NA,NA,NA,no,NA,NA,NA,no,NA,NA,NA,yes,sul1.NG_048082.1,100,35.4,yes,sul2.NG_051852.1,100,34.7,no,NA,NA,NA,yes,tet_A_.NG_048154.1,100,37.5,no,NA,NA,NA,no,NA,NA,NA
G18250076,no,NA,NA,NA,no,NA,NA,NA,no,NA,NA,NA,no,NA,NA,NA,yes,aadA5.NG_047357.1,100,35.7,no,NA,NA,NA,no,NA,NA,NA,yes,aph_3____Ib.NG_056002.2,100,29.7,yes,aph_6__Id.NG_047466.1,100,17.3,no,NA,NA,NA,no,NA,NA,NA,no,NA,NA,NA,no,NA,NA,NA,no,NA,NA,NA,yes,blaCTX_M_15.NG_048935.1,100,44.1,yes,blaEC_5.NG_049085.1,99.47,19.8,no,NA,NA,NA,no,NA,NA,NA,no,NA,NA,NA,no,NA,NA,NA,no,NA,NA,NA,no,NA,NA,NA,no,NA,NA,NA,no,NA,NA,NA,no,NA,NA,NA,no,NA,NA,NA,yes,dfrA17.NG_065416.1,99.79,29.6,no,NA,NA,NA,no,NA,NA,NA,no,NA,NA,NA,no,NA,NA,NA,no,NA,NA,NA,no,NA,NA,NA,no,NA,NA,NA,yes,mph_A_.NG_047985.1,100,34.8,no,NA,NA,NA,no,NA,NA,NA,no,NA,NA,NA,yes,qacEdelta1.NG_048042.1,100,25.4,no,NA,NA,NA,no,NA,NA,NA,no,NA,NA,NA,no,NA,NA,NA,no,NA,NA,NA,yes,sul1.NG_048082.1,100,32.6,yes,sul2.NG_051852.1,100,26.8,no,NA,NA,NA,yes,tet_A_.NG_048154.1,100,30,no,NA,NA,NA,no,NA,NA,NA
G18250077,no,NA,NA,NA,no,NA,NA,NA,no,NA,NA,NA,no,NA,NA,NA,yes,aadA5.NG_047357.1,100,41.3,no,NA,NA,NA,no,NA,NA,NA,no,NA,NA,NA,no,NA,NA,NA,no,NA,NA,NA,no,NA,NA,NA,yes,blaCMY_42.NG_048837.1,100,69.6,no,NA,NA,NA,partial,blaAFM_1.NG_063835.1,90.57,4.3,no,NA,NA,NA,yes,blaEC_15.NG_049081.1,98.5,22.1,yes,blaNDM_5.NG_049337.1,100,54.2,no,NA,NA,NA,no,NA,NA,NA,no,NA,NA,NA,yes,blaTEM_1.NG_050145.1,100,36.6,yes,ble.NG_047559.1,100,47.4,no,NA,NA,NA,no,NA,NA,NA,no,NA,NA,NA,no,NA,NA,NA,yes,dfrA17.NG_065416.1,99.79,34.8,no,NA,NA,NA,no,NA,NA,NA,no,NA,NA,NA,no,NA,NA,NA,no,NA,NA,NA,no,NA,NA,NA,no,NA,NA,NA,yes,mph_A_.NG_047985.1,100,39.4,no,NA,NA,NA,no,NA,NA,NA,no,NA,NA,NA,yes,qacEdelta1.NG_048042.1,100,32.7,no,NA,NA,NA,no,NA,NA,NA,no,NA,NA,NA,yes,rmtB1.NG_048058.1,100,35.8,no,NA,NA,NA,yes,sul1.NG_048082.1,100,41.9,no,NA,NA,NA,no,NA,NA,NA,yes,tet_A_.NG_048154.1,100,38.6,no,NA,NA,NA,no,NA,NA,NA
G18250078,no,NA,NA,NA,no,NA,NA,NA,no,NA,NA,NA,no,NA,NA,NA,yes,aadA5.NG_047357.1,100,32.2,no,NA,NA,NA,no,NA,NA,NA,yes,aph_3____Ib.NG_056002.2,100,23.9,yes,aph_6__Id.NG_047466.1,100,15.1,no,NA,NA,NA,no,NA,NA,NA,no,NA,NA,NA,no,NA,NA,NA,no,NA,NA,NA,no,NA,NA,NA,yes,blaEC_5.NG_049085.1,99.47,22.6,no,NA,NA,NA,no,NA,NA,NA,no,NA,NA,NA,no,NA,NA,NA,no,NA,NA,NA,no,NA,NA,NA,no,NA,NA,NA,no,NA,NA,NA,no,NA,NA,NA,no,NA,NA,NA,yes,dfrA17.NG_065416.1,99.79,22.8,no,NA,NA,NA,no,NA,NA,NA,no,NA,NA,NA,no,NA,NA,NA,no,NA,NA,NA,no,NA,NA,NA,no,NA,NA,NA,yes,mph_A_.NG_047985.1,100,31.4,no,NA,NA,NA,no,NA,NA,NA,no,NA,NA,NA,yes,qacEdelta1.NG_048042.1,100,20,no,NA,NA,NA,no,NA,NA,NA,no,NA,NA,NA,no,NA,NA,NA,no,NA,NA,NA,yes,sul1.NG_048082.1,100,28,yes,sul2.NG_051852.1,100,25.8,no,NA,NA,NA,yes,tet_A_.NG_048154.1,100,32.8,no,NA,NA,NA,no,NA,NA,NA
G18250079,no,NA,NA,NA,no,NA,NA,NA,no,NA,NA,NA,no,NA,NA,NA,no,NA,NA,NA,no,NA,NA,NA,yes,aadA2.NG_047343.1,100,25.3,no,NA,NA,NA,no,NA,NA,NA,no,NA,NA,NA,no,NA,NA,NA,yes,blaCMY_145.NG_052649.1,100,21.7,no,NA,NA,NA,no,NA,NA,NA,no,NA,NA,NA,yes,blaEC_15.NG_049081.1,98.5,25.1,no,NA,NA,NA,no,NA,NA,NA,no,NA,NA,NA,no,NA,NA,NA,no,NA,NA,NA,no,NA,NA,NA,no,NA,NA,NA,no,NA,NA,NA,no,NA,NA,NA,no,NA,NA,NA,no,NA,NA,NA,no,NA,NA,NA,yes,dfrA12.NG_047689.1,100,19.1,no,NA,NA,NA,no,NA,NA,NA,yes,erm_B_.NG_047804.1,99.86,24.6,no,NA,NA,NA,no,NA,NA,NA,yes,mph_A_.NG_047985.1,100,25.6,no,NA,NA,NA,no,NA,NA,NA,no,NA,NA,NA,yes,qacEdelta1.NG_048042.1,100,17.5,no,NA,NA,NA,no,NA,NA,NA,no,NA,NA,NA,no,NA,NA,NA,no,NA,NA,NA,yes,sul1.NG_048082.1,100,21,no,NA,NA,NA,no,NA,NA,NA,no,NA,NA,NA,no,NA,NA,NA,no,NA,NA,NA
G18250080,no,NA,NA,NA,no,NA,NA,NA,no,NA,NA,NA,no,NA,NA,NA,no,NA,NA,NA,no,NA,NA,NA,yes,aadA2.NG_047343.1,100,19.6,no,NA,NA,NA,no,NA,NA,NA,no,NA,NA,NA,no,NA,NA,NA,yes,blaCMY_42.NG_048837.1,100,18,no,NA,NA,NA,no,NA,NA,NA,no,NA,NA,NA,yes,blaEC_15.NG_049081.1,98.5,23.5,no,NA,NA,NA,no,NA,NA,NA,no,NA,NA,NA,no,NA,NA,NA,no,NA,NA,NA,no,NA,NA,NA,no,NA,NA,NA,no,NA,NA,NA,no,NA,NA,NA,no,NA,NA,NA,no,NA,NA,NA,no,NA,NA,NA,yes,dfrA12.NG_047689.1,100,15.4,no,NA,NA,NA,no,NA,NA,NA,yes,erm_B_.NG_047804.1,99.86,19.5,no,NA,NA,NA,no,NA,NA,NA,yes,mph_A_.NG_047985.1,100,16.9,no,NA,NA,NA,no,NA,NA,NA,no,NA,NA,NA,yes,qacEdelta1.NG_048042.1,100,13.5,no,NA,NA,NA,no,NA,NA,NA,no,NA,NA,NA,no,NA,NA,NA,no,NA,NA,NA,yes,sul1.NG_048082.1,100,14.8,no,NA,NA,NA,no,NA,NA,NA,no,NA,NA,NA,no,NA,NA,NA,no,NA,NA,NA
G18250081,partial,A7J11_01233.NG_047213.1,99.31,15.3,yes,aac_3__IIa.NG_047244.1,99.77,21.6,yes,aac_6___Ib_cr5.NG_051711.1,99.82,18.6,no,NA,NA,NA,yes,aadA5.NG_047357.1,100,27.1,no,NA,NA,NA,no,NA,NA,NA,no,NA,NA,NA,no,NA,NA,NA,no,NA,NA,NA,no,NA,NA,NA,no,NA,NA,NA,no,NA,NA,NA,no,NA,NA,NA,yes,blaCTX_M_15.NG_048935.1,100,22.8,yes,blaEC_5.NG_049085.1,99.47,26.5,no,NA,NA,NA,yes,blaOXA_1.NG_049392.1,100,22.7,no,NA,NA,NA,no,NA,NA,NA,partial,blaTEM_90.NG_050299.1,100,17.5,no,NA,NA,NA,no,NA,NA,NA,partial,catB3.NG_052455.1,100,18.1,no,NA,NA,NA,no,NA,NA,NA,yes,dfrA17.NG_065416.1,99.79,22.2,no,NA,NA,NA,no,NA,NA,NA,no,NA,NA,NA,no,NA,NA,NA,no,NA,NA,NA,no,NA,NA,NA,no,NA,NA,NA,yes,mph_A_.NG_047985.1,100,22.2,no,NA,NA,NA,no,NA,NA,NA,no,NA,NA,NA,yes,qacEdelta1.NG_048042.1,100,18.3,no,NA,NA,NA,no,NA,NA,NA,no,NA,NA,NA,no,NA,NA,NA,no,NA,NA,NA,yes,sul1.NG_048082.1,100,20.3,no,NA,NA,NA,no,NA,NA,NA,yes,tet_A_.NG_048154.1,100,21.8,no,NA,NA,NA,no,NA,NA,NA
G18250082,partial,A7J11_01233.NG_047213.1,99.31,17.9,no,NA,NA,NA,yes,aac_6___Ib_cr5.NG_051711.1,99.82,21.4,no,NA,NA,NA,yes,aadA5.NG_047357.1,100,30.2,no,NA,NA,NA,no,NA,NA,NA,no,NA,NA,NA,no,NA,NA,NA,no,NA,NA,NA,no,NA,NA,NA,yes,blaCMY_42.NG_048837.1,100,17.7,no,NA,NA,NA,no,NA,NA,NA,yes,blaCTX_M_15.NG_048935.1,100,22.7,yes,blaEC_15.NG_049081.1,98.5,27.7,no,NA,NA,NA,yes,blaOXA_1.NG_049392.1,100,29.3,no,NA,NA,NA,no,NA,NA,NA,no,NA,NA,NA,no,NA,NA,NA,no,NA,NA,NA,partial,catB3.NG_052455.1,100,20,no,NA,NA,NA,no,NA,NA,NA,yes,dfrA17.NG_065416.1,99.79,24.9,no,NA,NA,NA,no,NA,NA,NA,no,NA,NA,NA,no,NA,NA,NA,no,NA,NA,NA,no,NA,NA,NA,no,NA,NA,NA,yes,mph_A_.NG_047985.1,100,28.7,no,NA,NA,NA,no,NA,NA,NA,no,NA,NA,NA,yes,qacEdelta1.NG_048042.1,100,23,no,NA,NA,NA,no,NA,NA,NA,no,NA,NA,NA,no,NA,NA,NA,no,NA,NA,NA,partial,sul1.NG_048089.1,100,22.1,no,NA,NA,NA,no,NA,NA,NA,no,NA,NA,NA,yes,tet_B_.NG_048163.1,100,32.6,no,NA,NA,NA
G18250083,partial,A7J11_01233.NG_047213.1,99.31,19,no,NA,NA,NA,yes,aac_6___Ib_cr5.NG_051711.1,99.82,20.6,no,NA,NA,NA,yes,aadA5.NG_047357.1,100,28.3,no,NA,NA,NA,no,NA,NA,NA,no,NA,NA,NA,no,NA,NA,NA,no,NA,NA,NA,no,NA,NA,NA,yes,blaCMY_42.NG_048837.1,100,29,no,NA,NA,NA,no,NA,NA,NA,yes,blaCTX_M_15.NG_048935.1,100,29.9,yes,blaEC_15.NG_049081.1,98.5,25,no,NA,NA,NA,yes,blaOXA_1.NG_049392.1,100,33.9,no,NA,NA,NA,no,NA,NA,NA,no,NA,NA,NA,no,NA,NA,NA,no,NA,NA,NA,partial,catB3.NG_052455.1,100,22.2,no,NA,NA,NA,no,NA,NA,NA,yes,dfrA17.NG_065416.1,99.79,26.7,no,NA,NA,NA,no,NA,NA,NA,no,NA,NA,NA,no,NA,NA,NA,no,NA,NA,NA,no,NA,NA,NA,no,NA,NA,NA,yes,mph_A_.NG_047985.1,100,27.4,no,NA,NA,NA,no,NA,NA,NA,no,NA,NA,NA,yes,qacEdelta1.NG_048042.1,100,19,no,NA,NA,NA,no,NA,NA,NA,no,NA,NA,NA,no,NA,NA,NA,no,NA,NA,NA,yes,sul1.NG_048082.1,100,28.4,no,NA,NA,NA,no,NA,NA,NA,yes,tet_A_.NG_048154.1,100,26.4,no,NA,NA,NA,no,NA,NA,NA
G18250085,partial,A7J11_01233.NG_047213.1,99.31,17.1,yes,aac_3__IIa.NG_047244.1,99.77,22.8,yes,aac_6___Ib_cr5.NG_051711.1,99.82,20.5,no,NA,NA,NA,no,NA,NA,NA,no,NA,NA,NA,no,NA,NA,NA,no,NA,NA,NA,no,NA,NA,NA,no,NA,NA,NA,no,NA,NA,NA,no,NA,NA,NA,no,NA,NA,NA,no,NA,NA,NA,yes,blaCTX_M_15.NG_048935.1,100,23.3,yes,blaEC_5.NG_049085.1,99.47,25.6,no,NA,NA,NA,yes,blaOXA_1.NG_049392.1,100,28.6,no,NA,NA,NA,no,NA,NA,NA,no,NA,NA,NA,no,NA,NA,NA,no,NA,NA,NA,partial,catB3.NG_052455.1,100,21.6,no,NA,NA,NA,no,NA,NA,NA,no,NA,NA,NA,no,NA,NA,NA,no,NA,NA,NA,no,NA,NA,NA,no,NA,NA,NA,no,NA,NA,NA,no,NA,NA,NA,no,NA,NA,NA,no,NA,NA,NA,no,NA,NA,NA,no,NA,NA,NA,no,NA,NA,NA,no,NA,NA,NA,no,NA,NA,NA,no,NA,NA,NA,no,NA,NA,NA,no,NA,NA,NA,no,NA,NA,NA,no,NA,NA,NA,no,NA,NA,NA,no,NA,NA,NA,no,NA,NA,NA,no,NA,NA,NA,no,NA,NA,NA
G18250086,partial,A7J11_01233.NG_047213.1,99.31,25.2,no,NA,NA,NA,yes,aac_6___Ib_cr5.NG_051711.1,99.82,27.9,no,NA,NA,NA,yes,aadA5.NG_047357.1,100,34.5,no,NA,NA,NA,no,NA,NA,NA,yes,aph_3____Ib.NG_056002.2,99.88,215.8,yes,aph_6__Id.NG_047464.1,100,136.8,no,NA,NA,NA,no,NA,NA,NA,no,NA,NA,NA,no,NA,NA,NA,no,NA,NA,NA,yes,blaCTX_M_15.NG_048935.1,100,32.6,yes,blaEC.NG_047494.1,100,21.3,no,NA,NA,NA,yes,blaOXA_1.NG_049392.1,100,33.6,no,NA,NA,NA,no,NA,NA,NA,yes,blaTEM_1.NG_050145.1,100,28.9,no,NA,NA,NA,no,NA,NA,NA,partial,catB3.NG_052455.1,100,21.2,no,NA,NA,NA,no,NA,NA,NA,yes,dfrA17.NG_065416.1,99.79,28.1,no,NA,NA,NA,no,NA,NA,NA,no,NA,NA,NA,no,NA,NA,NA,no,NA,NA,NA,no,NA,NA,NA,no,NA,NA,NA,yes,mph_A_.NG_047985.1,100,37.1,no,NA,NA,NA,no,NA,NA,NA,no,NA,NA,NA,yes,qacEdelta1.NG_048042.1,100,21.8,no,NA,NA,NA,no,NA,NA,NA,no,NA,NA,NA,no,NA,NA,NA,no,NA,NA,NA,yes,sul1.NG_048082.1,100,30.1,yes,sul2.NG_051852.1,100,262.6,no,NA,NA,NA,yes,tet_A_.NG_048154.1,100,31.4,yes,tet_B_.NG_048163.1,100,241.4,no,NA,NA,NA
G18250087,partial,A7J11_01233.NG_047213.1,99.31,9.2,yes,aac_3__IIa.NG_047244.1,99.77,9.8,yes,aac_6___Ib_cr5.NG_051711.1,99.82,11.4,no,NA,NA,NA,yes,aadA5.NG_047357.1,100,17.2,no,NA,NA,NA,no,NA,NA,NA,no,NA,NA,NA,no,NA,NA,NA,no,NA,NA,NA,no,NA,NA,NA,no,NA,NA,NA,no,NA,NA,NA,no,NA,NA,NA,yes,blaCTX_M_15.NG_048935.1,100,12.9,yes,blaEC_5.NG_049085.1,99.47,15.5,no,NA,NA,NA,yes,blaOXA_1.NG_049392.1,100,15.1,no,NA,NA,NA,no,NA,NA,NA,no,NA,NA,NA,no,NA,NA,NA,no,NA,NA,NA,partial,catB3.NG_052455.1,100,9.7,no,NA,NA,NA,no,NA,NA,NA,yes,dfrA17.NG_065416.1,99.79,18.3,no,NA,NA,NA,no,NA,NA,NA,no,NA,NA,NA,no,NA,NA,NA,yes,erm_B_.NG_047804.1,99.86,18.7,no,NA,NA,NA,no,NA,NA,NA,yes,mph_A_.NG_047985.1,100,15.8,no,NA,NA,NA,no,NA,NA,NA,no,NA,NA,NA,yes,qacEdelta1.NG_048042.1,100,15.4,no,NA,NA,NA,no,NA,NA,NA,no,NA,NA,NA,no,NA,NA,NA,no,NA,NA,NA,yes,sul1.NG_048082.1,100,18.6,no,NA,NA,NA,no,NA,NA,NA,yes,tet_A_.NG_048154.1,100,12.2,no,NA,NA,NA,no,NA,NA,NA
G18250089,no,NA,NA,NA,yes,aac_3__IId.NG_047251.1,100,41.1,no,NA,NA,NA,no,NA,NA,NA,yes,aadA5.NG_047357.1,100,39.9,no,NA,NA,NA,no,NA,NA,NA,yes,aph_3____Ib.NG_056002.2,100,31.6,yes,aph_6__Id.NG_047466.1,100,20.1,no,NA,NA,NA,no,NA,NA,NA,no,NA,NA,NA,no,NA,NA,NA,no,NA,NA,NA,yes,blaCTX_M_15.NG_048935.1,100,35.4,yes,blaEC_5.NG_049085.1,99.47,23.4,no,NA,NA,NA,no,NA,NA,NA,no,NA,NA,NA,no,NA,NA,NA,yes,blaTEM_1.NG_050145.1,100,37.2,no,NA,NA,NA,no,NA,NA,NA,no,NA,NA,NA,no,NA,NA,NA,no,NA,NA,NA,yes,dfrA17.NG_065416.1,99.79,30.1,no,NA,NA,NA,no,NA,NA,NA,no,NA,NA,NA,no,NA,NA,NA,no,NA,NA,NA,no,NA,NA,NA,no,NA,NA,NA,yes,mph_A_.NG_047985.1,100,38.6,no,NA,NA,NA,no,NA,NA,NA,no,NA,NA,NA,yes,qacEdelta1.NG_048042.1,100,29.3,no,NA,NA,NA,no,NA,NA,NA,no,NA,NA,NA,no,NA,NA,NA,no,NA,NA,NA,yes,sul1.NG_048082.1,100,37.8,yes,sul2.NG_051852.1,100,34.5,no,NA,NA,NA,yes,tet_A_.NG_048154.1,100,41.6,no,NA,NA,NA,no,NA,NA,NA
G18250094,partial,A7J11_01233.NG_047213.1,99.31,24.2,no,NA,NA,NA,yes,aac_6___Ib_cr5.NG_051711.1,99.82,29.4,no,NA,NA,NA,no,NA,NA,NA,no,NA,NA,NA,yes,aadA2.NG_047343.1,100,47.8,no,NA,NA,NA,no,NA,NA,NA,no,NA,NA,NA,no,NA,NA,NA,no,NA,NA,NA,no,NA,NA,NA,no,NA,NA,NA,yes,blaCTX_M_15.NG_048935.1,100,69.8,yes,blaEC_8.NG_049086.1,98.68,20.1,no,NA,NA,NA,yes,blaOXA_1.NG_049392.1,100,44.5,no,NA,NA,NA,no,NA,NA,NA,no,NA,NA,NA,no,NA,NA,NA,no,NA,NA,NA,partial,catB3.NG_052455.1,100,33.2,no,NA,NA,NA,no,NA,NA,NA,no,NA,NA,NA,no,NA,NA,NA,yes,dfrA12.NG_047689.1,100,34.8,no,NA,NA,NA,no,NA,NA,NA,yes,erm_B_.NG_047804.1,99.86,43.9,no,NA,NA,NA,no,NA,NA,NA,yes,mph_A_.NG_047985.1,100,42.1,no,NA,NA,NA,no,NA,NA,NA,no,NA,NA,NA,yes,qacEdelta1.NG_048042.1,100,29,no,NA,NA,NA,no,NA,NA,NA,no,NA,NA,NA,no,NA,NA,NA,no,NA,NA,NA,yes,sul1.NG_048082.1,100,36.3,no,NA,NA,NA,no,NA,NA,NA,no,NA,NA,NA,yes,tet_B_.NG_048163.1,100,26,no,NA,NA,NA
G18250095,partial,A7J11_01233.NG_047213.1,99.31,19.7,yes,aac_3__IId.NG_047251.1,100,29.2,yes,aac_6___Ib_cr5.NG_051711.1,99.82,22.9,no,NA,NA,NA,yes,aadA5.NG_047357.1,100,40.9,no,NA,NA,NA,no,NA,NA,NA,yes,aph_3____Ib.NG_056002.2,100,25.3,yes,aph_6__Id.NG_047466.1,100,21,no,NA,NA,NA,no,NA,NA,NA,no,NA,NA,NA,no,NA,NA,NA,no,NA,NA,NA,yes,blaCTX_M_15.NG_048935.1,100,26,yes,blaEC_5.NG_049085.1,99.47,20.5,no,NA,NA,NA,yes,blaOXA_1.NG_049392.1,100,32.1,no,NA,NA,NA,no,NA,NA,NA,yes,blaTEM_1.NG_050145.1,100,29.2,no,NA,NA,NA,no,NA,NA,NA,partial,catB3.NG_052485.1,100,13.3,partial,A7J11_04295.NG_052052.1,99.48,20.3,no,NA,NA,NA,yes,dfrA17.NG_065416.1,99.79,34,no,NA,NA,NA,no,NA,NA,NA,no,NA,NA,NA,no,NA,NA,NA,no,NA,NA,NA,no,NA,NA,NA,no,NA,NA,NA,yes,mph_A_.NG_047985.1,100,36.4,no,NA,NA,NA,no,NA,NA,NA,no,NA,NA,NA,yes,qacEdelta1.NG_048042.1,100,33.5,no,NA,NA,NA,no,NA,NA,NA,no,NA,NA,NA,no,NA,NA,NA,no,NA,NA,NA,yes,sul1.NG_048082.1,100,37.2,yes,sul2.NG_051852.1,100,33.2,no,NA,NA,NA,yes,tet_A_.NG_048154.1,100,33.9,no,NA,NA,NA,no,NA,NA,NA
G18250097,partial,A7J11_01233.NG_047213.1,99.31,22.8,yes,aac_3__IIa.NG_047244.1,99.77,26.6,yes,aac_6___Ib_cr5.NG_051711.1,99.82,26.6,no,NA,NA,NA,no,NA,NA,NA,no,NA,NA,NA,yes,aadA2.NG_047343.1,100,36.3,no,NA,NA,NA,no,NA,NA,NA,no,NA,NA,NA,no,NA,NA,NA,no,NA,NA,NA,no,NA,NA,NA,no,NA,NA,NA,yes,blaCTX_M_15.NG_048935.1,100,34.7,yes,blaEC_5.NG_049085.1,99.47,27.4,no,NA,NA,NA,yes,blaOXA_1.NG_049392.1,100,32.3,no,NA,NA,NA,no,NA,NA,NA,fragmented,blaTEM_124.NG_050168.1,99.49,23.1,no,NA,NA,NA,no,NA,NA,NA,partial,catB3.NG_052455.1,100,21.5,no,NA,NA,NA,no,NA,NA,NA,no,NA,NA,NA,no,NA,NA,NA,yes,dfrA12.NG_047689.1,100,23.8,no,NA,NA,NA,no,NA,NA,NA,no,NA,NA,NA,no,NA,NA,NA,no,NA,NA,NA,yes,mph_A_.NG_047985.1,100,36.7,no,NA,NA,NA,no,NA,NA,NA,no,NA,NA,NA,yes,qacEdelta1.NG_048042.1,100,24.2,no,NA,NA,NA,no,NA,NA,NA,no,NA,NA,NA,no,NA,NA,NA,no,NA,NA,NA,yes,sul1.NG_048082.1,100,28.8,no,NA,NA,NA,no,NA,NA,NA,yes,tet_A_.NG_048154.1,100,32.8,no,NA,NA,NA,no,NA,NA,NA
G18250098,no,NA,NA,NA,yes,aac_3__IIa.NG_047244.1,99.77,24.9,no,NA,NA,NA,interrupted,aadA13.NG_052310.1,91.49,12.3,yes,aadA5.NG_047357.1,100,25,yes,aadA1.NG_047327.1,100,25,no,NA,NA,NA,yes,aph_3____Ib.NG_056002.2,99.88,19.7,yes,aph_6__Id.NG_047464.1,100,12.9,no,NA,NA,NA,no,NA,NA,NA,no,NA,NA,NA,no,NA,NA,NA,no,NA,NA,NA,yes,blaCTX_M_15.NG_048935.1,100,23.3,yes,blaEC_8.NG_049086.1,98.15,21.4,no,NA,NA,NA,no,NA,NA,NA,no,NA,NA,NA,no,NA,NA,NA,yes,blaTEM_1.NG_050145.1,100,23.6,no,NA,NA,NA,no,NA,NA,NA,no,NA,NA,NA,no,NA,NA,NA,no,NA,NA,NA,yes,dfrA17.NG_065416.1,99.79,19.7,yes,dfrA1.NG_047676.1,100,23.7,no,NA,NA,NA,no,NA,NA,NA,no,NA,NA,NA,no,NA,NA,NA,no,NA,NA,NA,no,NA,NA,NA,yes,mph_A_.NG_047985.1,100,24.2,no,NA,NA,NA,no,NA,NA,NA,no,NA,NA,NA,yes,qacEdelta1.NG_048042.1,100,20.9,no,NA,NA,NA,no,NA,NA,NA,no,NA,NA,NA,no,NA,NA,NA,yes,sat2.NG_048068.1,100,16.4,yes,sul1.NG_048082.1,100,25.4,yes,sul2.NG_051852.1,100,20.8,no,NA,NA,NA,no,NA,NA,NA,no,NA,NA,NA,yes,tet_D_.NG_051690.1,100,27
G18250099,no,NA,NA,NA,no,NA,NA,NA,no,NA,NA,NA,no,NA,NA,NA,yes,aadA5.NG_047357.1,100,33.3,no,NA,NA,NA,yes,aadA2.NG_047343.1,100,30.3,no,NA,NA,NA,no,NA,NA,NA,no,NA,NA,NA,no,NA,NA,NA,yes,blaCMY_42.NG_048837.1,100,43.6,no,NA,NA,NA,no,NA,NA,NA,no,NA,NA,NA,yes,blaEC_15.NG_049081.1,98.5,28.8,yes,blaNDM_4.NG_049336.1,100,24.2,no,NA,NA,NA,no,NA,NA,NA,no,NA,NA,NA,yes,blaTEM_1.NG_050145.1,100,27.9,yes,ble.NG_047559.1,100,23.5,no,NA,NA,NA,no,NA,NA,NA,no,NA,NA,NA,no,NA,NA,NA,yes,dfrA17.NG_065416.1,99.79,27.4,no,NA,NA,NA,yes,dfrA12.NG_047689.1,100,27,no,NA,NA,NA,no,NA,NA,NA,no,NA,NA,NA,no,NA,NA,NA,no,NA,NA,NA,yes,mph_A_.NG_047985.1,100,28.8,no,NA,NA,NA,no,NA,NA,NA,no,NA,NA,NA,yes,qacEdelta1.NG_048042.1,100,43.2,no,NA,NA,NA,no,NA,NA,NA,no,NA,NA,NA,yes,rmtB1.NG_048058.1,100,30.7,no,NA,NA,NA,yes,sul1.NG_048082.1,100,55.7,no,NA,NA,NA,no,NA,NA,NA,yes,tet_A_.NG_048154.1,100,32.3,no,NA,NA,NA,no,NA,NA,NA
G18250100,partial,A7J11_01233.NG_047213.1,99.31,15.9,yes,aac_3__IIa.NG_047244.1,99.77,22.7,yes,aac_6___Ib_cr5.NG_051711.1,99.82,20.1,no,NA,NA,NA,no,NA,NA,NA,no,NA,NA,NA,no,NA,NA,NA,no,NA,NA,NA,no,NA,NA,NA,no,NA,NA,NA,no,NA,NA,NA,yes,blaCMY_42.NG_048837.1,100,26.7,no,NA,NA,NA,no,NA,NA,NA,yes,blaCTX_M_15.NG_048935.1,100,28.3,yes,blaEC_15.NG_049081.1,98.59,26.9,no,NA,NA,NA,yes,blaOXA_1.NG_049392.1,100,28.6,no,NA,NA,NA,no,NA,NA,NA,no,NA,NA,NA,no,NA,NA,NA,no,NA,NA,NA,partial,catB3.NG_052455.1,100,19.9,no,NA,NA,NA,no,NA,NA,NA,no,NA,NA,NA,no,NA,NA,NA,no,NA,NA,NA,no,NA,NA,NA,no,NA,NA,NA,no,NA,NA,NA,no,NA,NA,NA,no,NA,NA,NA,yes,mph_A_.NG_047985.1,100,24.8,no,NA,NA,NA,no,NA,NA,NA,no,NA,NA,NA,no,NA,NA,NA,no,NA,NA,NA,no,NA,NA,NA,no,NA,NA,NA,no,NA,NA,NA,no,NA,NA,NA,no,NA,NA,NA,no,NA,NA,NA,no,NA,NA,NA,yes,tet_A_.NG_048154.1,100,28.4,no,NA,NA,NA,no,NA,NA,NA
G18250105,no,NA,NA,NA,no,NA,NA,NA,no,NA,NA,NA,no,NA,NA,NA,no,NA,NA,NA,no,NA,NA,NA,no,NA,NA,NA,no,NA,NA,NA,no,NA,NA,NA,no,NA,NA,NA,no,NA,NA,NA,no,NA,NA,NA,no,NA,NA,NA,no,NA,NA,NA,yes,blaCTX_M_15.NG_048935.1,100,26.8,yes,blaEC_8.NG_049086.1,98.15,21.6,no,NA,NA,NA,no,NA,NA,NA,no,NA,NA,NA,no,NA,NA,NA,no,NA,NA,NA,no,NA,NA,NA,no,NA,NA,NA,no,NA,NA,NA,no,NA,NA,NA,no,NA,NA,NA,no,NA,NA,NA,no,NA,NA,NA,no,NA,NA,NA,no,NA,NA,NA,no,NA,NA,NA,no,NA,NA,NA,no,NA,NA,NA,no,NA,NA,NA,no,NA,NA,NA,no,NA,NA,NA,no,NA,NA,NA,no,NA,NA,NA,no,NA,NA,NA,no,NA,NA,NA,no,NA,NA,NA,yes,qnrS1.NG_050543.1,100,21.9,no,NA,NA,NA,no,NA,NA,NA,no,NA,NA,NA,no,NA,NA,NA,no,NA,NA,NA,no,NA,NA,NA,no,NA,NA,NA,no,NA,NA,NA
G18250106,no,NA,NA,NA,no,NA,NA,NA,no,NA,NA,NA,interrupted,aadA13.NG_052310.1,91.49,6.9,no,NA,NA,NA,yes,aadA1.NG_047327.1,100,19.1,no,NA,NA,NA,no,NA,NA,NA,no,NA,NA,NA,no,NA,NA,NA,no,NA,NA,NA,no,NA,NA,NA,no,NA,NA,NA,no,NA,NA,NA,yes,blaCTX_M_15.NG_048935.1,100,20.6,yes,blaEC.NG_047494.1,100,19.7,no,NA,NA,NA,no,NA,NA,NA,no,NA,NA,NA,no,NA,NA,NA,yes,blaTEM_1.NG_050145.1,100,17.2,no,NA,NA,NA,no,NA,NA,NA,no,NA,NA,NA,no,NA,NA,NA,no,NA,NA,NA,no,NA,NA,NA,yes,dfrA1.NG_047676.1,100,18.4,no,NA,NA,NA,no,NA,NA,NA,no,NA,NA,NA,no,NA,NA,NA,no,NA,NA,NA,no,NA,NA,NA,no,NA,NA,NA,no,NA,NA,NA,no,NA,NA,NA,no,NA,NA,NA,no,NA,NA,NA,no,NA,NA,NA,no,NA,NA,NA,no,NA,NA,NA,no,NA,NA,NA,yes,sat2.NG_048068.1,100,12.3,no,NA,NA,NA,no,NA,NA,NA,no,NA,NA,NA,no,NA,NA,NA,yes,tet_B_.NG_048163.1,100,18.5,no,NA,NA,NA
G18250109,partial,A7J11_01233.NG_047213.1,99.31,14.5,yes,aac_3__IIa.NG_047244.1,99.77,18,yes,aac_6___Ib_cr5.NG_051711.1,99.82,17.6,no,NA,NA,NA,no,NA,NA,NA,no,NA,NA,NA,yes,aadA2.NG_047343.1,100,36,no,NA,NA,NA,no,NA,NA,NA,no,NA,NA,NA,no,NA,NA,NA,no,NA,NA,NA,no,NA,NA,NA,no,NA,NA,NA,yes,blaCTX_M_15.NG_048935.1,100,23.4,yes,blaEC_19.NG_049084.1,99.91,24.5,no,NA,NA,NA,yes,blaOXA_1.NG_049392.1,100,19.4,no,NA,NA,NA,no,NA,NA,NA,yes,blaTEM_1.NG_050145.1,100,17.3,no,NA,NA,NA,no,NA,NA,NA,partial,catB3.NG_052455.1,100,14.4,no,NA,NA,NA,no,NA,NA,NA,no,NA,NA,NA,no,NA,NA,NA,yes,dfrA12.NG_047689.1,100,30.7,no,NA,NA,NA,no,NA,NA,NA,yes,erm_B_.NG_047804.1,99.86,36.7,no,NA,NA,NA,no,NA,NA,NA,yes,mph_A_.NG_047985.1,100,40,no,NA,NA,NA,no,NA,NA,NA,no,NA,NA,NA,yes,qacEdelta1.NG_048042.1,100,23.4,no,NA,NA,NA,no,NA,NA,NA,no,NA,NA,NA,no,NA,NA,NA,no,NA,NA,NA,yes,sul1.NG_048082.1,100,33,no,NA,NA,NA,no,NA,NA,NA,no,NA,NA,NA,no,NA,NA,NA,no,NA,NA,NA
G18250110,no,NA,NA,NA,no,NA,NA,NA,no,NA,NA,NA,no,NA,NA,NA,yes,aadA5.NG_047357.1,100,37.2,no,NA,NA,NA,no,NA,NA,NA,no,NA,NA,NA,no,NA,NA,NA,no,NA,NA,NA,no,NA,NA,NA,no,NA,NA,NA,no,NA,NA,NA,no,NA,NA,NA,no,NA,NA,NA,yes,blaEC_8.NG_049086.1,98.15,17.5,no,NA,NA,NA,no,NA,NA,NA,no,NA,NA,NA,no,NA,NA,NA,no,NA,NA,NA,no,NA,NA,NA,no,NA,NA,NA,no,NA,NA,NA,no,NA,NA,NA,no,NA,NA,NA,yes,dfrA17.NG_065416.1,99.79,29.9,no,NA,NA,NA,no,NA,NA,NA,no,NA,NA,NA,no,NA,NA,NA,yes,erm_B_.NG_047804.1,99.86,40.4,no,NA,NA,NA,no,NA,NA,NA,yes,mph_A_.NG_047985.1,100,32.8,no,NA,NA,NA,no,NA,NA,NA,no,NA,NA,NA,yes,qacEdelta1.NG_048042.1,100,21.7,no,NA,NA,NA,no,NA,NA,NA,no,NA,NA,NA,no,NA,NA,NA,no,NA,NA,NA,yes,sul1.NG_048082.1,100,26.9,no,NA,NA,NA,no,NA,NA,NA,no,NA,NA,NA,no,NA,NA,NA,no,NA,NA,NA
G18250124,no,NA,NA,NA,no,NA,NA,NA,no,NA,NA,NA,no,NA,NA,NA,no,NA,NA,NA,no,NA,NA,NA,no,NA,NA,NA,yes,aph_3____Ib.NG_056002.2,99.88,20.7,yes,aph_6__Id.NG_047464.1,100,11.7,no,NA,NA,NA,no,NA,NA,NA,no,NA,NA,NA,no,NA,NA,NA,no,NA,NA,NA,yes,blaCTX_M_15.NG_048935.1,100,27.7,yes,blaEC_8.NG_049086.1,98.15,18.4,no,NA,NA,NA,no,NA,NA,NA,no,NA,NA,NA,no,NA,NA,NA,yes,blaTEM_1.NG_050145.1,100,26.4,no,NA,NA,NA,no,NA,NA,NA,no,NA,NA,NA,no,NA,NA,NA,no,NA,NA,NA,yes,dfrA7.NG_047737.1,100,17.4,no,NA,NA,NA,no,NA,NA,NA,no,NA,NA,NA,no,NA,NA,NA,no,NA,NA,NA,no,NA,NA,NA,no,NA,NA,NA,no,NA,NA,NA,no,NA,NA,NA,no,NA,NA,NA,no,NA,NA,NA,yes,qacEdelta1.NG_048042.1,100,17.4,no,NA,NA,NA,no,NA,NA,NA,yes,qnrS1.NG_050543.1,100,20,no,NA,NA,NA,no,NA,NA,NA,yes,sul1.NG_048082.1,100,19.9,yes,sul2.NG_048118.1,99.88,19.5,no,NA,NA,NA,yes,tet_A_.NG_048154.1,100,20.6,no,NA,NA,NA,no,NA,NA,NA
G18250127,partial,A7J11_01233.NG_047213.1,99.31,16.3,yes,aac_3__IIa.NG_047244.1,99.77,19.6,yes,aac_6___Ib_cr5.NG_051711.1,99.82,19.9,no,NA,NA,NA,no,NA,NA,NA,no,NA,NA,NA,no,NA,NA,NA,no,NA,NA,NA,no,NA,NA,NA,no,NA,NA,NA,no,NA,NA,NA,no,NA,NA,NA,no,NA,NA,NA,no,NA,NA,NA,yes,blaCTX_M_15.NG_048935.1,100,21.2,yes,blaEC_5.NG_049085.1,99.82,23.4,no,NA,NA,NA,yes,blaOXA_1.NG_049392.1,100,20.2,no,NA,NA,NA,no,NA,NA,NA,yes,blaTEM_1.NG_050145.1,100,22.8,no,NA,NA,NA,no,NA,NA,NA,partial,catB3.NG_052455.1,100,15.4,no,NA,NA,NA,no,NA,NA,NA,no,NA,NA,NA,no,NA,NA,NA,no,NA,NA,NA,no,NA,NA,NA,no,NA,NA,NA,interrupted,erm_B_.NG_047804.1,99.73,32.9,no,NA,NA,NA,no,NA,NA,NA,yes,mph_A_.NG_047985.1,100,29.5,no,NA,NA,NA,no,NA,NA,NA,no,NA,NA,NA,no,NA,NA,NA,no,NA,NA,NA,no,NA,NA,NA,no,NA,NA,NA,no,NA,NA,NA,no,NA,NA,NA,no,NA,NA,NA,no,NA,NA,NA,no,NA,NA,NA,no,NA,NA,NA,no,NA,NA,NA,no,NA,NA,NA
G18250128,no,NA,NA,NA,no,NA,NA,NA,no,NA,NA,NA,no,NA,NA,NA,no,NA,NA,NA,no,NA,NA,NA,yes,aadA2.NG_047343.1,100,31.5,no,NA,NA,NA,no,NA,NA,NA,no,NA,NA,NA,no,NA,NA,NA,no,NA,NA,NA,no,NA,NA,NA,partial,blaAFM_1.NG_063835.1,90.42,3.8,yes,blaCTX_M_15.NG_048935.1,100,20.2,yes,blaEC_8.NG_049086.1,98.68,20.3,yes,blaNDM_5.NG_049337.1,100,29.4,no,NA,NA,NA,no,NA,NA,NA,no,NA,NA,NA,yes,blaTEM_1.NG_050145.1,100,32,yes,ble.NG_047559.1,100,23.2,no,NA,NA,NA,no,NA,NA,NA,no,NA,NA,NA,no,NA,NA,NA,no,NA,NA,NA,no,NA,NA,NA,yes,dfrA12.NG_047689.1,100,24.3,no,NA,NA,NA,no,NA,NA,NA,yes,erm_B_.NG_047804.1,99.86,39.9,no,NA,NA,NA,no,NA,NA,NA,yes,mph_A_.NG_047985.1,100,29.6,no,NA,NA,NA,no,NA,NA,NA,no,NA,NA,NA,yes,qacEdelta1.NG_048042.1,100,28.7,no,NA,NA,NA,no,NA,NA,NA,no,NA,NA,NA,yes,rmtB1.NG_048058.1,100,31.5,no,NA,NA,NA,yes,sul1.NG_048082.1,100,32.3,no,NA,NA,NA,no,NA,NA,NA,no,NA,NA,NA,yes,tet_B_.NG_048163.1,100,22.3,no,NA,NA,NA
G18250138,no,NA,NA,NA,yes,aac_3__IId.NG_047251.1,100,16,no,NA,NA,NA,no,NA,NA,NA,yes,aadA5.NG_047357.1,100,32.3,no,NA,NA,NA,no,NA,NA,NA,yes,aph_3____Ib.NG_056002.2,100,23.5,yes,aph_6__Id.NG_047466.1,100,17.5,no,NA,NA,NA,no,NA,NA,NA,no,NA,NA,NA,no,NA,NA,NA,no,NA,NA,NA,no,NA,NA,NA,yes,blaEC_5.NG_049085.1,99.47,22.3,no,NA,NA,NA,no,NA,NA,NA,no,NA,NA,NA,no,NA,NA,NA,yes,blaTEM_1.NG_050145.1,100,26.7,no,NA,NA,NA,no,NA,NA,NA,no,NA,NA,NA,no,NA,NA,NA,no,NA,NA,NA,yes,dfrA17.NG_065416.1,99.79,21.3,no,NA,NA,NA,no,NA,NA,NA,no,NA,NA,NA,no,NA,NA,NA,no,NA,NA,NA,no,NA,NA,NA,no,NA,NA,NA,yes,mph_A_.NG_047985.1,100,32.3,no,NA,NA,NA,no,NA,NA,NA,no,NA,NA,NA,yes,qacEdelta1.NG_048042.1,100,20.1,no,NA,NA,NA,no,NA,NA,NA,no,NA,NA,NA,no,NA,NA,NA,no,NA,NA,NA,yes,sul1.NG_048082.1,100,27.1,yes,sul2.NG_051852.1,100,25.5,no,NA,NA,NA,yes,tet_A_.NG_048154.1,100,27.8,no,NA,NA,NA,no,NA,NA,NA
G18250140,no,NA,NA,NA,no,NA,NA,NA,no,NA,NA,NA,no,NA,NA,NA,yes,aadA5.NG_047357.1,100,29.2,no,NA,NA,NA,no,NA,NA,NA,no,NA,NA,NA,no,NA,NA,NA,no,NA,NA,NA,no,NA,NA,NA,no,NA,NA,NA,no,NA,NA,NA,no,NA,NA,NA,yes,blaCTX_M_15.NG_048935.1,100,27.3,yes,blaEC_8.NG_049086.1,98.15,30.2,no,NA,NA,NA,no,NA,NA,NA,no,NA,NA,NA,no,NA,NA,NA,no,NA,NA,NA,no,NA,NA,NA,no,NA,NA,NA,no,NA,NA,NA,no,NA,NA,NA,no,NA,NA,NA,yes,dfrA17.NG_065416.1,99.79,27.9,no,NA,NA,NA,no,NA,NA,NA,no,NA,NA,NA,no,NA,NA,NA,no,NA,NA,NA,no,NA,NA,NA,no,NA,NA,NA,yes,mph_A_.NG_047985.1,100,29.1,no,NA,NA,NA,no,NA,NA,NA,no,NA,NA,NA,partial,qacE.NG_052493.1,100,10.7,no,NA,NA,NA,no,NA,NA,NA,no,NA,NA,NA,no,NA,NA,NA,no,NA,NA,NA,no,NA,NA,NA,no,NA,NA,NA,no,NA,NA,NA,no,NA,NA,NA,no,NA,NA,NA,no,NA,NA,NA
G18250141,partial,A7J11_01233.NG_047213.1,99.31,18.3,yes,aac_3__IId.NG_047251.1,100,28.3,yes,aac_6___Ib_cr5.NG_051711.1,99.82,21.2,no,NA,NA,NA,yes,aadA5.NG_047357.1,100,36.1,no,NA,NA,NA,no,NA,NA,NA,yes,aph_3____Ib.NG_056002.2,100,24.5,yes,aph_6__Id.NG_047466.1,100,15.9,no,NA,NA,NA,no,NA,NA,NA,no,NA,NA,NA,no,NA,NA,NA,no,NA,NA,NA,yes,blaCTX_M_15.NG_048935.1,100,27.4,yes,blaEC_5.NG_049085.1,99.47,27.3,no,NA,NA,NA,yes,blaOXA_1.NG_049392.1,100,28,no,NA,NA,NA,no,NA,NA,NA,yes,blaTEM_1.NG_050145.1,100,29.9,no,NA,NA,NA,no,NA,NA,NA,partial,catB3.NG_052485.1,100,14.6,partial,A7J11_04295.NG_052052.1,99.48,19,no,NA,NA,NA,yes,dfrA17.NG_065416.1,99.79,31.4,no,NA,NA,NA,no,NA,NA,NA,no,NA,NA,NA,no,NA,NA,NA,no,NA,NA,NA,no,NA,NA,NA,no,NA,NA,NA,yes,mph_A_.NG_047985.1,100,33.7,no,NA,NA,NA,no,NA,NA,NA,no,NA,NA,NA,yes,qacEdelta1.NG_048042.1,100,25.3,no,NA,NA,NA,no,NA,NA,NA,no,NA,NA,NA,no,NA,NA,NA,no,NA,NA,NA,yes,sul1.NG_048082.1,100,29.9,yes,sul2.NG_051852.1,100,29.1,no,NA,NA,NA,yes,tet_A_.NG_048154.1,100,30.3,no,NA,NA,NA,no,NA,NA,NA
G18250145,partial,A7J11_01233.NG_047213.1,99.31,11.6,yes,aac_3__IId.NG_047251.1,100,20.8,yes,aac_6___Ib_cr5.NG_051711.1,99.82,14.2,no,NA,NA,NA,yes,aadA5.NG_047357.1,100,24.6,no,NA,NA,NA,no,NA,NA,NA,yes,aph_3____Ib.NG_056002.2,100,21.5,yes,aph_6__Id.NG_047466.1,100,14.1,no,NA,NA,NA,no,NA,NA,NA,no,NA,NA,NA,no,NA,NA,NA,no,NA,NA,NA,yes,blaCTX_M_15.NG_048935.1,100,22.4,yes,blaEC_5.NG_049085.1,99.47,18.5,no,NA,NA,NA,yes,blaOXA_1.NG_049392.1,100,21.2,no,NA,NA,NA,no,NA,NA,NA,yes,blaTEM_1.NG_050145.1,100,25.7,no,NA,NA,NA,no,NA,NA,NA,partial,catB3.NG_052485.1,100,7.6,partial,A7J11_04295.NG_052052.1,99.48,12.3,no,NA,NA,NA,yes,dfrA17.NG_065416.1,99.79,25.1,no,NA,NA,NA,no,NA,NA,NA,no,NA,NA,NA,no,NA,NA,NA,no,NA,NA,NA,no,NA,NA,NA,no,NA,NA,NA,yes,mph_A_.NG_047985.1,100,26.9,no,NA,NA,NA,no,NA,NA,NA,no,NA,NA,NA,yes,qacEdelta1.NG_048042.1,100,20.7,no,NA,NA,NA,no,NA,NA,NA,no,NA,NA,NA,no,NA,NA,NA,no,NA,NA,NA,yes,sul1.NG_048082.1,100,21,yes,sul2.NG_051852.1,100,23.8,no,NA,NA,NA,yes,tet_A_.NG_048154.1,100,21.6,no,NA,NA,NA,no,NA,NA,NA
G18250150,no,NA,NA,NA,no,NA,NA,NA,no,NA,NA,NA,no,NA,NA,NA,yes,aadA5.NG_047357.1,100,29.6,no,NA,NA,NA,no,NA,NA,NA,no,NA,NA,NA,no,NA,NA,NA,no,NA,NA,NA,no,NA,NA,NA,no,NA,NA,NA,no,NA,NA,NA,no,NA,NA,NA,yes,blaCTX_M_15.NG_048935.1,100,60.2,yes,blaEC_15.NG_049081.1,98.59,21.8,no,NA,NA,NA,no,NA,NA,NA,no,NA,NA,NA,no,NA,NA,NA,no,NA,NA,NA,no,NA,NA,NA,no,NA,NA,NA,no,NA,NA,NA,no,NA,NA,NA,no,NA,NA,NA,yes,dfrA17.NG_065416.1,99.79,29.6,no,NA,NA,NA,no,NA,NA,NA,no,NA,NA,NA,no,NA,NA,NA,no,NA,NA,NA,no,NA,NA,NA,no,NA,NA,NA,yes,mph_A_.NG_047985.1,100,27.5,no,NA,NA,NA,no,NA,NA,NA,no,NA,NA,NA,yes,qacEdelta1.NG_048042.1,100,21.7,no,NA,NA,NA,no,NA,NA,NA,no,NA,NA,NA,no,NA,NA,NA,no,NA,NA,NA,yes,sul1.NG_048082.1,100,26,no,NA,NA,NA,no,NA,NA,NA,yes,tet_A_.NG_048154.1,100,26.6,no,NA,NA,NA,no,NA,NA,NA
G18250153,partial,A7J11_01233.NG_047213.1,99.31,22.5,no,NA,NA,NA,yes,aac_6___Ib_cr5.NG_051711.1,99.82,27.5,no,NA,NA,NA,yes,aadA5.NG_047357.1,100,30.8,no,NA,NA,NA,no,NA,NA,NA,no,NA,NA,NA,no,NA,NA,NA,no,NA,NA,NA,no,NA,NA,NA,yes,blaCMY_42.NG_048837.1,100,16.5,no,NA,NA,NA,no,NA,NA,NA,yes,blaCTX_M_15.NG_048935.1,100,30.1,yes,blaEC_8.NG_049086.1,98.68,25.6,no,NA,NA,NA,yes,blaOXA_1.NG_049392.1,100,33,no,NA,NA,NA,no,NA,NA,NA,no,NA,NA,NA,no,NA,NA,NA,no,NA,NA,NA,partial,catB3.NG_052455.1,100,22.9,no,NA,NA,NA,no,NA,NA,NA,yes,dfrA17.NG_065416.1,99.79,25.4,no,NA,NA,NA,no,NA,NA,NA,no,NA,NA,NA,no,NA,NA,NA,no,NA,NA,NA,no,NA,NA,NA,no,NA,NA,NA,yes,mph_A_.NG_047985.1,100,34.5,no,NA,NA,NA,no,NA,NA,NA,no,NA,NA,NA,yes,qacEdelta1.NG_048042.1,100,27.3,no,NA,NA,NA,no,NA,NA,NA,no,NA,NA,NA,no,NA,NA,NA,no,NA,NA,NA,yes,sul1.NG_048082.1,100,32.4,no,NA,NA,NA,no,NA,NA,NA,no,NA,NA,NA,yes,tet_B_.NG_048163.1,100,31.5,no,NA,NA,NA
G18250157,no,NA,NA,NA,no,NA,NA,NA,no,NA,NA,NA,no,NA,NA,NA,no,NA,NA,NA,no,NA,NA,NA,yes,aadA2.NG_047343.1,100,26,no,NA,NA,NA,no,NA,NA,NA,no,NA,NA,NA,no,NA,NA,NA,yes,blaCMY_42.NG_048837.1,100,17.2,no,NA,NA,NA,no,NA,NA,NA,no,NA,NA,NA,yes,blaEC_15.NG_049081.1,98.5,19,yes,blaNDM_5.NG_049337.1,100,17.7,no,NA,NA,NA,no,NA,NA,NA,no,NA,NA,NA,yes,blaTEM_1.NG_050145.1,100,23,yes,ble.NG_047559.1,100,13.3,no,NA,NA,NA,no,NA,NA,NA,no,NA,NA,NA,no,NA,NA,NA,no,NA,NA,NA,no,NA,NA,NA,yes,dfrA12.NG_047689.1,100,21.5,no,NA,NA,NA,no,NA,NA,NA,no,NA,NA,NA,no,NA,NA,NA,no,NA,NA,NA,yes,mph_A_.NG_047985.1,100,26.6,no,NA,NA,NA,no,NA,NA,NA,no,NA,NA,NA,yes,qacEdelta1.NG_048042.1,100,17.5,no,NA,NA,NA,no,NA,NA,NA,no,NA,NA,NA,yes,rmtB1.NG_048058.1,100,27.3,no,NA,NA,NA,yes,sul1.NG_048082.1,100,19.6,no,NA,NA,NA,no,NA,NA,NA,yes,tet_A_.NG_048154.1,100,26.6,no,NA,NA,NA,no,NA,NA,NA
G18250158,no,NA,NA,NA,no,NA,NA,NA,no,NA,NA,NA,no,NA,NA,NA,no,NA,NA,NA,no,NA,NA,NA,no,NA,NA,NA,no,NA,NA,NA,no,NA,NA,NA,no,NA,NA,NA,no,NA,NA,NA,no,NA,NA,NA,no,NA,NA,NA,no,NA,NA,NA,no,NA,NA,NA,yes,blaEC.NG_047494.1,100,26.6,no,NA,NA,NA,no,NA,NA,NA,no,NA,NA,NA,no,NA,NA,NA,no,NA,NA,NA,no,NA,NA,NA,no,NA,NA,NA,no,NA,NA,NA,no,NA,NA,NA,no,NA,NA,NA,no,NA,NA,NA,no,NA,NA,NA,no,NA,NA,NA,no,NA,NA,NA,no,NA,NA,NA,no,NA,NA,NA,no,NA,NA,NA,no,NA,NA,NA,no,NA,NA,NA,no,NA,NA,NA,no,NA,NA,NA,no,NA,NA,NA,no,NA,NA,NA,no,NA,NA,NA,no,NA,NA,NA,no,NA,NA,NA,no,NA,NA,NA,no,NA,NA,NA,no,NA,NA,NA,no,NA,NA,NA,no,NA,NA,NA,no,NA,NA,NA,no,NA,NA,NA,no,NA,NA,NA
G18250160,no,NA,NA,NA,no,NA,NA,NA,no,NA,NA,NA,no,NA,NA,NA,no,NA,NA,NA,no,NA,NA,NA,no,NA,NA,NA,yes,aph_3____Ib.NG_056002.2,100,24.7,yes,aph_6__Id.NG_047464.1,100,14.6,no,NA,NA,NA,no,NA,NA,NA,no,NA,NA,NA,no,NA,NA,NA,no,NA,NA,NA,yes,blaCTX_M_15.NG_048935.1,100,26.6,yes,blaEC_8.NG_049086.1,98.15,21,no,NA,NA,NA,no,NA,NA,NA,no,NA,NA,NA,no,NA,NA,NA,yes,blaTEM_1.NG_050145.1,100,27.5,no,NA,NA,NA,no,NA,NA,NA,no,NA,NA,NA,no,NA,NA,NA,no,NA,NA,NA,yes,dfrA7.NG_047737.1,100,24,no,NA,NA,NA,no,NA,NA,NA,no,NA,NA,NA,no,NA,NA,NA,no,NA,NA,NA,no,NA,NA,NA,no,NA,NA,NA,no,NA,NA,NA,no,NA,NA,NA,no,NA,NA,NA,no,NA,NA,NA,yes,qacEdelta1.NG_048042.1,100,24.3,no,NA,NA,NA,no,NA,NA,NA,yes,qnrS1.NG_050543.1,100,25.9,no,NA,NA,NA,no,NA,NA,NA,yes,sul1.NG_048082.1,100,24.2,yes,sul2.NG_048118.1,99.88,23.1,no,NA,NA,NA,yes,tet_A_.NG_048154.1,100,28.7,no,NA,NA,NA,no,NA,NA,NA
G18250164,partial,A7J11_01233.NG_047213.1,99.31,20.5,yes,aac_3__IIa.NG_047244.1,99.77,29.4,yes,aac_6___Ib_cr5.NG_051711.1,99.82,24.1,no,NA,NA,NA,no,NA,NA,NA,no,NA,NA,NA,yes,aadA2.NG_047343.1,100,27.2,no,NA,NA,NA,no,NA,NA,NA,no,NA,NA,NA,no,NA,NA,NA,no,NA,NA,NA,no,NA,NA,NA,no,NA,NA,NA,yes,blaCTX_M_15.NG_048935.1,100,28.4,yes,blaEC_5.NG_049085.1,99.47,21.9,no,NA,NA,NA,yes,blaOXA_1.NG_049392.1,100,28.2,no,NA,NA,NA,no,NA,NA,NA,no,NA,NA,NA,no,NA,NA,NA,no,NA,NA,NA,partial,catB3.NG_052455.1,100,20.4,no,NA,NA,NA,no,NA,NA,NA,no,NA,NA,NA,no,NA,NA,NA,yes,dfrA12.NG_047689.1,100,21.2,no,NA,NA,NA,no,NA,NA,NA,no,NA,NA,NA,no,NA,NA,NA,no,NA,NA,NA,yes,mph_A_.NG_047985.1,100,32.1,no,NA,NA,NA,no,NA,NA,NA,no,NA,NA,NA,yes,qacEdelta1.NG_048042.1,100,21.4,no,NA,NA,NA,no,NA,NA,NA,no,NA,NA,NA,no,NA,NA,NA,no,NA,NA,NA,yes,sul1.NG_048082.1,100,32.4,no,NA,NA,NA,no,NA,NA,NA,no,NA,NA,NA,no,NA,NA,NA,no,NA,NA,NA
G18250165,partial,A7J11_01233.NG_047213.1,99.31,24.2,no,NA,NA,NA,yes,aac_6___Ib_cr5.NG_051711.1,99.82,28.4,no,NA,NA,NA,yes,aadA5.NG_047357.1,100,32,no,NA,NA,NA,no,NA,NA,NA,no,NA,NA,NA,no,NA,NA,NA,no,NA,NA,NA,no,NA,NA,NA,yes,blaCMY_42.NG_048837.1,100,18.5,no,NA,NA,NA,no,NA,NA,NA,yes,blaCTX_M_15.NG_048935.1,100,36.4,yes,blaEC_15.NG_049081.1,98.5,26.8,no,NA,NA,NA,yes,blaOXA_1.NG_049392.1,100,35.3,no,NA,NA,NA,no,NA,NA,NA,no,NA,NA,NA,no,NA,NA,NA,no,NA,NA,NA,partial,catB3.NG_052455.1,100,26.6,no,NA,NA,NA,no,NA,NA,NA,yes,dfrA17.NG_065416.1,99.79,27.9,no,NA,NA,NA,no,NA,NA,NA,no,NA,NA,NA,no,NA,NA,NA,no,NA,NA,NA,no,NA,NA,NA,no,NA,NA,NA,yes,mph_A_.NG_047985.1,100,31,no,NA,NA,NA,no,NA,NA,NA,no,NA,NA,NA,yes,qacEdelta1.NG_048042.1,100,29.2,no,NA,NA,NA,no,NA,NA,NA,no,NA,NA,NA,no,NA,NA,NA,no,NA,NA,NA,yes,sul1.NG_048082.1,100,31.7,no,NA,NA,NA,no,NA,NA,NA,no,NA,NA,NA,yes,tet_B_.NG_048163.1,100,34.3,no,NA,NA,NA
G18250172,no,NA,NA,NA,no,NA,NA,NA,no,NA,NA,NA,no,NA,NA,NA,no,NA,NA,NA,no,NA,NA,NA,no,NA,NA,NA,yes,aph_3____Ib.NG_056002.2,100,13.6,interrupted,aph_6__Id.NG_047466.1,100,10.7,no,NA,NA,NA,no,NA,NA,NA,no,NA,NA,NA,no,NA,NA,NA,no,NA,NA,NA,no,NA,NA,NA,yes,blaEC_8.NG_049086.1,98.68,19.3,no,NA,NA,NA,no,NA,NA,NA,no,NA,NA,NA,no,NA,NA,NA,yes,blaTEM_1.NG_050145.1,100,36.3,no,NA,NA,NA,no,NA,NA,NA,no,NA,NA,NA,no,NA,NA,NA,no,NA,NA,NA,no,NA,NA,NA,no,NA,NA,NA,no,NA,NA,NA,no,NA,NA,NA,no,NA,NA,NA,no,NA,NA,NA,no,NA,NA,NA,no,NA,NA,NA,yes,mph_A_.NG_047985.1,100,15.6,no,NA,NA,NA,no,NA,NA,NA,no,NA,NA,NA,no,NA,NA,NA,no,NA,NA,NA,no,NA,NA,NA,no,NA,NA,NA,yes,rmtB1.NG_048058.1,100,16.7,no,NA,NA,NA,no,NA,NA,NA,yes,sul2.NG_051852.1,100,12.4,no,NA,NA,NA,yes,tet_A_.NG_048154.1,100,14,no,NA,NA,NA,no,NA,NA,NA
G18250176,partial,A7J11_01233.NG_047213.1,99.31,11.1,yes,aac_3__IId.NG_047251.1,100,37.1,yes,aac_6___Ib_cr5.NG_051711.1,99.82,15.5,no,NA,NA,NA,yes,aadA5.NG_047357.1,100,39.3,no,NA,NA,NA,no,NA,NA,NA,yes,aph_3____Ib.NG_056002.2,100,37.4,yes,aph_6__Id.NG_047464.1,100,23.8,no,NA,NA,NA,no,NA,NA,NA,yes,blaCMY_42.NG_048837.1,100,12.8,no,NA,NA,NA,no,NA,NA,NA,yes,blaCTX_M_15.NG_048935.1,100,15.5,yes,blaEC_16.NG_049082.1,99.91,17.9,no,NA,NA,NA,no,NA,NA,NA,no,NA,NA,NA,no,NA,NA,NA,yes,blaTEM_1.NG_050145.1,100,51.3,no,NA,NA,NA,no,NA,NA,NA,no,NA,NA,NA,partial,A7J11_04295.NG_052052.1,99.48,10.4,no,NA,NA,NA,yes,dfrA17.NG_065416.1,99.79,37,no,NA,NA,NA,no,NA,NA,NA,no,NA,NA,NA,no,NA,NA,NA,no,NA,NA,NA,no,NA,NA,NA,no,NA,NA,NA,yes,mph_A_.NG_047985.1,100,42.7,no,NA,NA,NA,no,NA,NA,NA,no,NA,NA,NA,yes,qacEdelta1.NG_048042.1,100,29.1,no,NA,NA,NA,no,NA,NA,NA,no,NA,NA,NA,no,NA,NA,NA,no,NA,NA,NA,partial,sul1.NG_048089.1,100,36.5,yes,sul2.NG_048118.1,99.88,32.9,no,NA,NA,NA,no,NA,NA,NA,yes,tet_B_.NG_048163.1,100,19.1,no,NA,NA,NA
G18250179,no,NA,NA,NA,no,NA,NA,NA,no,NA,NA,NA,no,NA,NA,NA,yes,aadA5.NG_047357.1,100,23.4,no,NA,NA,NA,no,NA,NA,NA,no,NA,NA,NA,no,NA,NA,NA,no,NA,NA,NA,no,NA,NA,NA,no,NA,NA,NA,no,NA,NA,NA,no,NA,NA,NA,no,NA,NA,NA,yes,blaEC_8.NG_049086.1,98.15,18.1,no,NA,NA,NA,no,NA,NA,NA,no,NA,NA,NA,no,NA,NA,NA,no,NA,NA,NA,no,NA,NA,NA,no,NA,NA,NA,no,NA,NA,NA,no,NA,NA,NA,no,NA,NA,NA,yes,dfrA17.NG_065416.1,99.79,23.3,no,NA,NA,NA,no,NA,NA,NA,no,NA,NA,NA,no,NA,NA,NA,yes,erm_B_.NG_047804.1,99.86,27.9,no,NA,NA,NA,no,NA,NA,NA,yes,mph_A_.NG_047985.1,100,24.5,no,NA,NA,NA,no,NA,NA,NA,no,NA,NA,NA,yes,qacEdelta1.NG_048042.1,100,17.3,no,NA,NA,NA,no,NA,NA,NA,no,NA,NA,NA,no,NA,NA,NA,no,NA,NA,NA,yes,sul1.NG_048082.1,100,22.2,no,NA,NA,NA,no,NA,NA,NA,no,NA,NA,NA,no,NA,NA,NA,no,NA,NA,NA
G18250181,no,NA,NA,NA,no,NA,NA,NA,no,NA,NA,NA,no,NA,NA,NA,yes,aadA5.NG_047357.1,100,39.2,no,NA,NA,NA,no,NA,NA,NA,no,NA,NA,NA,no,NA,NA,NA,no,NA,NA,NA,no,NA,NA,NA,no,NA,NA,NA,no,NA,NA,NA,no,NA,NA,NA,no,NA,NA,NA,yes,blaEC.NG_047494.1,100,10,no,NA,NA,NA,no,NA,NA,NA,no,NA,NA,NA,no,NA,NA,NA,no,NA,NA,NA,no,NA,NA,NA,no,NA,NA,NA,no,NA,NA,NA,no,NA,NA,NA,no,NA,NA,NA,yes,dfrA17.NG_065416.1,99.79,37.3,no,NA,NA,NA,no,NA,NA,NA,no,NA,NA,NA,no,NA,NA,NA,yes,erm_B_.NG_047804.1,99.86,43.2,no,NA,NA,NA,no,NA,NA,NA,yes,mph_A_.NG_047985.1,100,45.5,no,NA,NA,NA,no,NA,NA,NA,no,NA,NA,NA,yes,qacEdelta1.NG_048042.1,100,34.1,no,NA,NA,NA,no,NA,NA,NA,no,NA,NA,NA,no,NA,NA,NA,no,NA,NA,NA,yes,sul1.NG_048082.1,100,34.9,no,NA,NA,NA,no,NA,NA,NA,no,NA,NA,NA,no,NA,NA,NA,no,NA,NA,NA
G18250182,partial,A7J11_01233.NG_047213.1,99.31,20,yes,aac_3__IIa.NG_047244.1,99.77,21.2,yes,aac_6___Ib_cr5.NG_051711.1,99.82,21.2,no,NA,NA,NA,yes,aadA5.NG_047357.1,100,26.5,no,NA,NA,NA,no,NA,NA,NA,no,NA,NA,NA,no,NA,NA,NA,no,NA,NA,NA,no,NA,NA,NA,no,NA,NA,NA,no,NA,NA,NA,no,NA,NA,NA,yes,blaCTX_M_15.NG_048935.1,100,25.2,yes,blaEC_8.NG_049086.1,98.68,19,no,NA,NA,NA,yes,blaOXA_1.NG_049392.1,100,23.2,no,NA,NA,NA,no,NA,NA,NA,no,NA,NA,NA,no,NA,NA,NA,no,NA,NA,NA,partial,catB3.NG_052455.1,100,17.1,partial,A7J11_04295.NG_052052.1,99.48,18.7,no,NA,NA,NA,yes,dfrA17.NG_065416.1,99.79,24.3,no,NA,NA,NA,no,NA,NA,NA,no,NA,NA,NA,no,NA,NA,NA,no,NA,NA,NA,no,NA,NA,NA,no,NA,NA,NA,yes,mph_A_.NG_047985.1,100,19.4,no,NA,NA,NA,no,NA,NA,NA,no,NA,NA,NA,yes,qacEdelta1.NG_048042.1,100,17.1,no,NA,NA,NA,no,NA,NA,NA,no,NA,NA,NA,no,NA,NA,NA,no,NA,NA,NA,yes,sul1.NG_048082.1,100,25.6,no,NA,NA,NA,no,NA,NA,NA,no,NA,NA,NA,yes,tet_B_.NG_048163.1,100,23.6,no,NA,NA,NA
G18250183,no,NA,NA,NA,no,NA,NA,NA,no,NA,NA,NA,no,NA,NA,NA,yes,aadA5.NG_047357.1,100,27.7,no,NA,NA,NA,no,NA,NA,NA,no,NA,NA,NA,no,NA,NA,NA,no,NA,NA,NA,no,NA,NA,NA,no,NA,NA,NA,no,NA,NA,NA,no,NA,NA,NA,yes,blaCTX_M_15.NG_048935.1,100,29.6,yes,blaEC_15.NG_049081.1,98.59,19.8,no,NA,NA,NA,no,NA,NA,NA,no,NA,NA,NA,no,NA,NA,NA,yes,blaTEM_35.NG_050264.1,99.88,29.9,no,NA,NA,NA,no,NA,NA,NA,no,NA,NA,NA,no,NA,NA,NA,no,NA,NA,NA,yes,dfrA17.NG_065416.1,99.79,25.2,no,NA,NA,NA,no,NA,NA,NA,no,NA,NA,NA,no,NA,NA,NA,no,NA,NA,NA,no,NA,NA,NA,no,NA,NA,NA,yes,mph_A_.NG_047985.1,100,29.1,no,NA,NA,NA,no,NA,NA,NA,no,NA,NA,NA,yes,qacEdelta1.NG_048042.1,100,21.4,no,NA,NA,NA,no,NA,NA,NA,no,NA,NA,NA,no,NA,NA,NA,no,NA,NA,NA,yes,sul1.NG_048082.1,100,29.5,no,NA,NA,NA,no,NA,NA,NA,yes,tet_A_.NG_048154.1,100,27,no,NA,NA,NA,no,NA,NA,NA
G18252044,no,NA,NA,NA,yes,aac_3__IIa.NG_047244.1,99.77,23.1,no,NA,NA,NA,no,NA,NA,NA,yes,aadA5.NG_047357.1,100,25.3,no,NA,NA,NA,yes,aadA2.NG_047343.1,100,20.7,no,NA,NA,NA,no,NA,NA,NA,no,NA,NA,NA,no,NA,NA,NA,yes,blaCMY_42.NG_048837.1,100,21.8,no,NA,NA,NA,no,NA,NA,NA,no,NA,NA,NA,yes,blaEC_15.NG_049081.1,98.5,18.2,yes,blaNDM_4.NG_049336.1,100,13.4,no,NA,NA,NA,no,NA,NA,NA,no,NA,NA,NA,yes,blaTEM_1.NG_050145.1,100,21,yes,ble.NG_047559.1,100,11.7,no,NA,NA,NA,no,NA,NA,NA,no,NA,NA,NA,no,NA,NA,NA,yes,dfrA17.NG_065416.1,99.79,18.2,no,NA,NA,NA,yes,dfrA12.NG_047689.1,100,16.5,no,NA,NA,NA,no,NA,NA,NA,no,NA,NA,NA,no,NA,NA,NA,no,NA,NA,NA,yes,mph_A_.NG_047985.1,100,18.5,no,NA,NA,NA,no,NA,NA,NA,no,NA,NA,NA,yes_nonunique,qacEdelta1.NG_048042.1,100,42.5,no,NA,NA,NA,no,NA,NA,NA,no,NA,NA,NA,yes,rmtB1.NG_048058.1,99.87,18.6,no,NA,NA,NA,yes_nonunique,sul1.NG_048082.1,100,46.7,no,NA,NA,NA,no,NA,NA,NA,yes,tet_A_.NG_048154.1,100,21.3,no,NA,NA,NA,no,NA,NA,NA
G18252045,partial,A7J11_01233.NG_047213.1,99.31,16.8,no,NA,NA,NA,yes,aac_6___Ib_cr5.NG_051711.1,99.82,20.4,no,NA,NA,NA,no,NA,NA,NA,no,NA,NA,NA,yes,aadA2.NG_047343.1,100,29.2,no,NA,NA,NA,no,NA,NA,NA,no,NA,NA,NA,no,NA,NA,NA,no,NA,NA,NA,no,NA,NA,NA,no,NA,NA,NA,yes,blaCTX_M_15.NG_048935.1,100,26.6,yes,blaEC_15.NG_049081.1,98.5,26.7,yes,blaNDM_5.NG_049337.1,100,22.4,yes,blaOXA_1.NG_049392.1,100,25.8,no,NA,NA,NA,no,NA,NA,NA,yes,blaTEM_1.NG_050145.1,100,22.7,yes,ble.NG_047559.1,100,19.1,no,NA,NA,NA,partial,catB3.NG_052455.1,100,15.7,no,NA,NA,NA,no,NA,NA,NA,no,NA,NA,NA,no,NA,NA,NA,yes,dfrA12.NG_047689.1,100,19.3,no,NA,NA,NA,no,NA,NA,NA,no,NA,NA,NA,no,NA,NA,NA,no,NA,NA,NA,yes,mph_A_.NG_047985.1,100,21.5,no,NA,NA,NA,no,NA,NA,NA,no,NA,NA,NA,yes,qacEdelta1.NG_048042.1,100,21.6,no,NA,NA,NA,no,NA,NA,NA,no,NA,NA,NA,yes,rmtB1.NG_048058.1,100,26.9,no,NA,NA,NA,yes,sul1.NG_048082.1,100,20.1,no,NA,NA,NA,no,NA,NA,NA,yes,tet_A_.NG_048154.1,100,24.5,no,NA,NA,NA,no,NA,NA,NA
G18252046,partial,A7J11_01233.NG_047213.1,99.31,26,partial,aac_3__IId.NG_047251.1,100,29.1,yes,aac_6___Ib_cr5.NG_051711.1,99.82,28.1,no,NA,NA,NA,yes,aadA5.NG_047357.1,100,47.2,no,NA,NA,NA,no,NA,NA,NA,yes,aph_3____Ib.NG_056002.2,100,31.5,yes,aph_6__Id.NG_047466.1,100,20,no,NA,NA,NA,no,NA,NA,NA,no,NA,NA,NA,no,NA,NA,NA,no,NA,NA,NA,no,NA,NA,NA,yes,blaEC_8.NG_049086.1,98.68,21.3,yes,blaNDM_5.NG_049337.1,100,36,yes,blaOXA_1.NG_049392.1,100,36.3,no,NA,NA,NA,no,NA,NA,NA,yes,blaTEM_1.NG_050145.1,100,90.2,yes,ble.NG_047559.1,100,26.7,no,NA,NA,NA,partial,catB3.NG_052455.1,100,27.6,no,NA,NA,NA,no,NA,NA,NA,yes,dfrA17.NG_065416.1,99.79,38.9,no,NA,NA,NA,no,NA,NA,NA,no,NA,NA,NA,no,NA,NA,NA,no,NA,NA,NA,no,NA,NA,NA,no,NA,NA,NA,yes,mph_A_.NG_047985.1,100,44.9,no,NA,NA,NA,no,NA,NA,NA,no,NA,NA,NA,yes,qacEdelta1.NG_048042.1,100,32.3,no,NA,NA,NA,no,NA,NA,NA,no,NA,NA,NA,yes,rmtB1.NG_048058.1,100,40.3,no,NA,NA,NA,yes,sul1.NG_048082.1,100,37.8,yes,sul2.NG_051852.1,100,45.7,no,NA,NA,NA,yes,tet_A_.NG_048154.1,100,42.6,no,NA,NA,NA,no,NA,NA,NA
G18252047,partial,A7J11_01233.NG_047213.1,99.31,37.8,yes,aac_3__IIa.NG_047244.1,99.77,53.6,yes,aac_6___Ib_cr5.NG_051711.1,99.82,42.5,interrupted,aadA13.NG_052310.1,91.74,22.6,yes,aadA5.NG_047357.1,100,32.4,yes,aadA1.NG_047328.1,99.87,55.6,no,NA,NA,NA,yes,aph_3____Ib.NG_056002.2,100,29.5,partial,aph_6__Id.NG_047466.1,100,18,no,NA,NA,NA,yes,arr_2.NG_048580.1,100,54.8,no,NA,NA,NA,no,NA,NA,NA,no,NA,NA,NA,yes,blaCTX_M_15.NG_048935.1,100,52.2,yes,blaEC_5.NG_049085.1,99.47,25.8,yes,blaNDM_5.NG_049337.1,100,42.7,yes,blaOXA_1.NG_049392.1,100,58,no,NA,NA,NA,no,NA,NA,NA,yes,blaTEM_1.NG_050145.1,100,50.8,yes,ble.NG_047559.1,100,39.8,no,NA,NA,NA,partial,catB3.NG_052455.1,100,33.2,no,NA,NA,NA,yes,cmlA5.NG_051436.1,100,54.4,yes,dfrA17.NG_065416.1,99.79,32.5,no,NA,NA,NA,no,NA,NA,NA,no,NA,NA,NA,yes,ere_A_.NG_047770.1,100,65.8,no,NA,NA,NA,no,NA,NA,NA,no,NA,NA,NA,yes,mph_A_.NG_047985.1,100,32.3,no,NA,NA,NA,no,NA,NA,NA,no,NA,NA,NA,yes,qacEdelta1.NG_048042.1,100,70.3,no,NA,NA,NA,no,NA,NA,NA,no,NA,NA,NA,yes,rmtB1.NG_048058.1,100,55.7,no,NA,NA,NA,yes_nonunique,sul1.NG_048082.1,100,98.8,yes,sul2.NG_051852.1,100,32,no,NA,NA,NA,no,NA,NA,NA,no,NA,NA,NA,no,NA,NA,NA
G18252048,partial,A7J11_01233.NG_047213.1,99.31,20.9,yes,aac_3__IId.NG_047251.1,100,26.7,yes,aac_6___Ib_cr5.NG_051711.1,99.82,22.6,no,NA,NA,NA,no,NA,NA,NA,no,NA,NA,NA,yes,aadA2.NG_047343.1,100,41.2,no,NA,NA,NA,no,NA,NA,NA,no,NA,NA,NA,no,NA,NA,NA,no,NA,NA,NA,no,NA,NA,NA,no,NA,NA,NA,no,NA,NA,NA,yes,blaEC_8.NG_049086.1,98.68,22.7,yes,blaNDM_5.NG_049337.1,100,33.9,yes,blaOXA_1.NG_049392.1,100,32.7,no,NA,NA,NA,no,NA,NA,NA,yes,blaTEM_1.NG_050145.1,100,27.2,yes,ble.NG_047559.1,100,29.4,no,NA,NA,NA,partial,catB3.NG_052455.1,100,20.8,no,NA,NA,NA,no,NA,NA,NA,no,NA,NA,NA,no,NA,NA,NA,no,NA,NA,NA,no,NA,NA,NA,no,NA,NA,NA,no,NA,NA,NA,no,NA,NA,NA,no,NA,NA,NA,no,NA,NA,NA,no,NA,NA,NA,no,NA,NA,NA,no,NA,NA,NA,yes,qacEdelta1.NG_048042.1,100,30.6,no,NA,NA,NA,no,NA,NA,NA,no,NA,NA,NA,no,NA,NA,NA,no,NA,NA,NA,yes,sul1.NG_048082.1,100,34.8,no,NA,NA,NA,no,NA,NA,NA,no,NA,NA,NA,yes,tet_B_.NG_048163.1,100,30.8,no,NA,NA,NA
G18252049,no,NA,NA,NA,no,NA,NA,NA,no,NA,NA,NA,interrupted,aadA13.NG_052310.1,91.74,13.4,no,NA,NA,NA,yes_nonunique,aadA1.NG_047328.1,99.87,39.1,yes,aadA2.NG_047343.1,100,36.7,no,NA,NA,NA,no,NA,NA,NA,yes,armA.NG_047476.1,100,29.4,yes,arr_2.NG_048580.1,100,27,no,NA,NA,NA,no,NA,NA,NA,no,NA,NA,NA,yes,blaCTX_M_15.NG_048935.1,100,31.6,yes,blaEC_15.NG_049081.1,98.59,23.5,yes,blaNDM_1.NG_049326.1,100,22,no,NA,NA,NA,yes,blaOXA_10.NG_049393.1,100,24.8,no,NA,NA,NA,yes,blaTEM_35.NG_050264.1,99.88,30.1,yes,ble.NG_047559.1,100,21.5,no,NA,NA,NA,no,NA,NA,NA,no,NA,NA,NA,yes,cmlA5.NG_051436.1,100,30.9,no,NA,NA,NA,no,NA,NA,NA,yes,dfrA12.NG_047689.1,100,20.3,no,NA,NA,NA,no,NA,NA,NA,no,NA,NA,NA,partial,mcr_4.6.NG_061608.1,100,26.9,no,NA,NA,NA,yes,mph_A_.NG_047985.1,100,38.1,yes,mph_E_.NG_064660.1,100,30.3,yes,msr_E_.NG_048007.1,100,34.9,no,NA,NA,NA,fragmented,qacEdelta1.NG_048042.1,100,71,no,NA,NA,NA,yes,qnrA9.NG_059280.1,99.85,36.6,no,NA,NA,NA,no,NA,NA,NA,no,NA,NA,NA,yes,sul1.NG_048082.1,100,98.6,no,NA,NA,NA,no,NA,NA,NA,yes,tet_A_.NG_048154.1,100,37.1,no,NA,NA,NA,no,NA,NA,NA
G18252050,partial,A7J11_01233.NG_047213.1,99.31,13.6,no,NA,NA,NA,yes,aac_6___Ib_cr5.NG_051711.1,99.82,14.3,no,NA,NA,NA,no,NA,NA,NA,no,NA,NA,NA,yes,aadA2.NG_047343.1,100,43,no,NA,NA,NA,no,NA,NA,NA,no,NA,NA,NA,no,NA,NA,NA,no,NA,NA,NA,no,NA,NA,NA,no,NA,NA,NA,yes,blaCTX_M_15.NG_048935.1,100,22.5,yes,blaEC_15.NG_049081.1,98.5,25.3,yes,blaNDM_5.NG_049337.1,100,28.4,yes,blaOXA_1.NG_049392.1,100,27,no,NA,NA,NA,no,NA,NA,NA,yes,blaTEM_1.NG_050145.1,100,21.6,yes,ble.NG_047559.1,100,26,no,NA,NA,NA,partial,catB3.NG_052455.1,100,15.5,no,NA,NA,NA,no,NA,NA,NA,no,NA,NA,NA,no,NA,NA,NA,yes,dfrA12.NG_047689.1,100,31.3,no,NA,NA,NA,no,NA,NA,NA,yes,erm_B_.NG_047804.1,99.86,24.8,no,NA,NA,NA,no,NA,NA,NA,yes,mph_A_.NG_047985.1,100,23.4,no,NA,NA,NA,no,NA,NA,NA,no,NA,NA,NA,yes,qacEdelta1.NG_048042.1,100,31.9,no,NA,NA,NA,no,NA,NA,NA,no,NA,NA,NA,yes,rmtB1.NG_048058.1,100,19.6,no,NA,NA,NA,yes,sul1.NG_048082.1,100,32.6,no,NA,NA,NA,no,NA,NA,NA,yes,tet_A_.NG_048154.1,100,20.2,no,NA,NA,NA,no,NA,NA,NA
G18252051,no,NA,NA,NA,no,NA,NA,NA,no,NA,NA,NA,no,NA,NA,NA,no,NA,NA,NA,no,NA,NA,NA,yes,aadA2.NG_047343.1,100,33.9,no,NA,NA,NA,no,NA,NA,NA,no,NA,NA,NA,no,NA,NA,NA,no,NA,NA,NA,no,NA,NA,NA,no,NA,NA,NA,yes,blaCTX_M_15.NG_048935.1,100,68,yes,blaEC_8.NG_049086.1,98.68,22.3,yes,blaNDM_5.NG_049337.1,100,29.3,no,NA,NA,NA,no,NA,NA,NA,no,NA,NA,NA,yes,blaTEM_1.NG_050145.1,100,27.5,yes,ble.NG_047559.1,100,19.5,no,NA,NA,NA,no,NA,NA,NA,no,NA,NA,NA,no,NA,NA,NA,no,NA,NA,NA,no,NA,NA,NA,yes,dfrA12.NG_047689.1,100,20.8,no,NA,NA,NA,no,NA,NA,NA,yes,erm_B_.NG_047804.1,99.86,37.5,no,NA,NA,NA,no,NA,NA,NA,yes_nonunique,mph_A_.NG_047985.1,100,58.5,no,NA,NA,NA,no,NA,NA,NA,no,NA,NA,NA,yes,qacEdelta1.NG_048042.1,100,26,no,NA,NA,NA,no,NA,NA,NA,no,NA,NA,NA,yes,rmtB1.NG_048058.1,100,31.5,no,NA,NA,NA,yes,sul1.NG_048082.1,100,26.7,no,NA,NA,NA,no,NA,NA,NA,no,NA,NA,NA,yes,tet_B_.NG_048163.1,100,19.6,no,NA,NA,NA
G18253167,no,NA,NA,NA,no,NA,NA,NA,no,NA,NA,NA,no,NA,NA,NA,no,NA,NA,NA,no,NA,NA,NA,yes,aadA2.NG_047343.1,100,18.5,no,NA,NA,NA,no,NA,NA,NA,no,NA,NA,NA,no,NA,NA,NA,yes,blaCMY_42.NG_048837.1,100,22.4,no,NA,NA,NA,no,NA,NA,NA,yes,blaCTX_M_15.NG_048935.1,100,22.5,yes,blaEC_8.NG_049086.1,98.68,19.1,yes,blaNDM_5.NG_049337.1,100,13,no,NA,NA,NA,no,NA,NA,NA,no,NA,NA,NA,yes,blaTEM_1.NG_050145.1,100,31.9,yes,ble.NG_047559.1,100,9.8,no,NA,NA,NA,no,NA,NA,NA,no,NA,NA,NA,no,NA,NA,NA,no,NA,NA,NA,no,NA,NA,NA,yes,dfrA12.NG_047689.1,100,10.6,no,NA,NA,NA,no,NA,NA,NA,yes,erm_B_.NG_047804.1,99.86,19.8,no,NA,NA,NA,no,NA,NA,NA,yes,mph_A_.NG_047985.1,100,75.7,no,NA,NA,NA,no,NA,NA,NA,no,NA,NA,NA,yes,qacEdelta1.NG_048042.1,100,10.9,no,NA,NA,NA,no,NA,NA,NA,no,NA,NA,NA,yes,rmtB1.NG_048058.1,100,18.1,no,NA,NA,NA,yes,sul1.NG_048082.1,100,16.9,no,NA,NA,NA,no,NA,NA,NA,no,NA,NA,NA,yes,tet_B_.NG_048163.1,100,52.3,no,NA,NA,NA
G18253188,partial,A7J11_01233.NG_047213.1,99.31,26.5,partial,aac_3__IId.NG_047251.1,100,34.1,yes,aac_6___Ib_cr5.NG_051711.1,99.82,33.6,no,NA,NA,NA,yes,aadA5.NG_047357.1,100,45.6,no,NA,NA,NA,no,NA,NA,NA,yes,aph_3____Ib.NG_056002.2,100,32,yes,aph_6__Id.NG_047466.1,99.88,20.2,no,NA,NA,NA,no,NA,NA,NA,no,NA,NA,NA,no,NA,NA,NA,no,NA,NA,NA,yes,blaCTX_M_15.NG_048935.1,100,46.6,yes,blaEC_8.NG_049086.1,98.68,23.1,yes,blaNDM_5.NG_049337.1,100,30.2,yes,blaOXA_1.NG_049392.1,100,44.4,no,NA,NA,NA,no,NA,NA,NA,yes,blaTEM_1.NG_050145.1,100,96.8,yes,ble.NG_047559.1,100,25.8,no,NA,NA,NA,partial,catB3.NG_052455.1,100,30.3,no,NA,NA,NA,no,NA,NA,NA,yes,dfrA17.NG_065416.1,99.79,33.2,no,NA,NA,NA,no,NA,NA,NA,no,NA,NA,NA,no,NA,NA,NA,no,NA,NA,NA,no,NA,NA,NA,no,NA,NA,NA,yes,mph_A_.NG_047985.1,100,37.6,no,NA,NA,NA,no,NA,NA,NA,no,NA,NA,NA,yes,qacEdelta1.NG_048042.1,100,33.6,no,NA,NA,NA,no,NA,NA,NA,no,NA,NA,NA,yes,rmtB1.NG_048058.1,100,42.4,no,NA,NA,NA,yes,sul1.NG_048082.1,100,36.1,yes,sul2.NG_051852.1,100,39.9,no,NA,NA,NA,yes,tet_A_.NG_048154.1,100,41.5,no,NA,NA,NA,no,NA,NA,NA
G18253192,partial,A7J11_01233.NG_047213.1,99.31,19.5,yes,aac_3__IIa.NG_047244.1,99.77,22.6,yes,aac_6___Ib_cr5.NG_051711.1,99.82,19.6,interrupted,aadA13.NG_052310.1,91.74,9.3,yes,aadA5.NG_047357.1,100,24.9,yes,aadA1.NG_047328.1,99.87,28.8,no,NA,NA,NA,no,NA,NA,NA,no,NA,NA,NA,no,NA,NA,NA,no,NA,NA,NA,no,NA,NA,NA,no,NA,NA,NA,no,NA,NA,NA,yes,blaCTX_M_15.NG_048935.1,100,26.3,yes,blaEC.NG_047496.1,99.91,26.8,yes,blaNDM_5.NG_049337.1,100,26.4,yes_nonunique,blaOXA_1.NG_049392.1,99.88,67.2,no,NA,NA,NA,no,NA,NA,NA,no,NA,NA,NA,yes,ble.NG_047559.1,100,22.3,yes,catA1.NG_047587.1,99.85,26.1,partial,catB3.NG_052455.1,100,15.3,no,NA,NA,NA,no,NA,NA,NA,yes,dfrA17.NG_065416.1,99.79,18.6,no,NA,NA,NA,no,NA,NA,NA,no,NA,NA,NA,no,NA,NA,NA,no,NA,NA,NA,no,NA,NA,NA,no,NA,NA,NA,yes,mph_A_.NG_047985.1,100,26.7,no,NA,NA,NA,no,NA,NA,NA,no,NA,NA,NA,yes,qacEdelta1.NG_048042.1,100,20.2,no,NA,NA,NA,no,NA,NA,NA,no,NA,NA,NA,no,NA,NA,NA,no,NA,NA,NA,yes,sul1.NG_048082.1,100,21.3,no,NA,NA,NA,no,NA,NA,NA,no,NA,NA,NA,yes,tet_B_.NG_048163.1,100,27.6,no,NA,NA,NA
G18253196,no,NA,NA,NA,no,NA,NA,NA,no,NA,NA,NA,no,NA,NA,NA,no,NA,NA,NA,no,NA,NA,NA,yes,aadA2.NG_047343.1,100,32.7,no,NA,NA,NA,no,NA,NA,NA,no,NA,NA,NA,no,NA,NA,NA,yes,blaCMY_42.NG_048837.1,100,15.2,no,NA,NA,NA,no,NA,NA,NA,no,NA,NA,NA,yes,blaEC.NG_047496.1,99.91,27.4,yes,blaNDM_5.NG_049337.1,100,19.3,no,NA,NA,NA,no,NA,NA,NA,no,NA,NA,NA,no,NA,NA,NA,yes,ble.NG_047559.1,100,17,no,NA,NA,NA,no,NA,NA,NA,no,NA,NA,NA,no,NA,NA,NA,no,NA,NA,NA,no,NA,NA,NA,yes,dfrA12.NG_047689.1,100,19.7,no,NA,NA,NA,no,NA,NA,NA,no,NA,NA,NA,no,NA,NA,NA,no,NA,NA,NA,yes,mph_A_.NG_047985.1,100,24.8,no,NA,NA,NA,no,NA,NA,NA,no,NA,NA,NA,yes,qacEdelta1.NG_048042.1,100,20.6,no,NA,NA,NA,no,NA,NA,NA,no,NA,NA,NA,no,NA,NA,NA,no,NA,NA,NA,yes,sul1.NG_048082.1,100,23.1,no,NA,NA,NA,no,NA,NA,NA,yes,tet_A_.NG_048154.1,100,25.2,no,NA,NA,NA,no,NA,NA,NA
G18253203,no,NA,NA,NA,no,NA,NA,NA,no,NA,NA,NA,no,NA,NA,NA,yes,aadA5.NG_047357.1,100,28,no,NA,NA,NA,no,NA,NA,NA,no,NA,NA,NA,no,NA,NA,NA,no,NA,NA,NA,no,NA,NA,NA,no,NA,NA,NA,no,NA,NA,NA,no,NA,NA,NA,yes,blaCTX_M_15.NG_048935.1,100,112.3,yes,blaEC_15.NG_049081.1,98.59,28.2,yes,blaNDM_5.NG_049337.1,100,18.1,no,NA,NA,NA,no,NA,NA,NA,no,NA,NA,NA,partial,blaTEM_178.NG_050217.1,95.27,19.3,yes,ble.NG_047559.1,100,17,no,NA,NA,NA,no,NA,NA,NA,no,NA,NA,NA,no,NA,NA,NA,yes,dfrA17.NG_065416.1,99.79,25.5,no,NA,NA,NA,no,NA,NA,NA,no,NA,NA,NA,no,NA,NA,NA,no,NA,NA,NA,no,NA,NA,NA,no,NA,NA,NA,yes,mph_A_.NG_047985.1,100,28,no,NA,NA,NA,no,NA,NA,NA,no,NA,NA,NA,yes,qacEdelta1.NG_048042.1,100,22.3,no,NA,NA,NA,no,NA,NA,NA,no,NA,NA,NA,no,NA,NA,NA,no,NA,NA,NA,yes,sul1.NG_048082.1,100,24.4,no,NA,NA,NA,no,NA,NA,NA,yes,tet_A_.NG_048154.1,100,29.6,no,NA,NA,NA,no,NA,NA,NA
G18253216,no,NA,NA,NA,no,NA,NA,NA,no,NA,NA,NA,no,NA,NA,NA,no,NA,NA,NA,no,NA,NA,NA,no,NA,NA,NA,no,NA,NA,NA,no,NA,NA,NA,no,NA,NA,NA,no,NA,NA,NA,yes,blaCMY_42.NG_048837.1,100,39.2,no,NA,NA,NA,no,NA,NA,NA,yes,blaCTX_M_15.NG_048935.1,100,27.4,yes,blaEC_15.NG_049081.1,98.59,23.4,no,NA,NA,NA,no,NA,NA,NA,no,NA,NA,NA,yes,blaOXA_181.NG_049482.1,100,16.5,no,NA,NA,NA,no,NA,NA,NA,no,NA,NA,NA,no,NA,NA,NA,no,NA,NA,NA,no,NA,NA,NA,no,NA,NA,NA,no,NA,NA,NA,no,NA,NA,NA,no,NA,NA,NA,partial,ere_A_.NG_047765.1,94.08,5.5,no,NA,NA,NA,no,NA,NA,NA,no,NA,NA,NA,yes,mph_A_.NG_047985.1,100,21.1,no,NA,NA,NA,no,NA,NA,NA,no,NA,NA,NA,no,NA,NA,NA,no,NA,NA,NA,no,NA,NA,NA,yes,qnrS1.NG_050543.1,100,18.5,no,NA,NA,NA,no,NA,NA,NA,no,NA,NA,NA,no,NA,NA,NA,no,NA,NA,NA,no,NA,NA,NA,no,NA,NA,NA,no,NA,NA,NA
G18253241,partial,A7J11_01233.NG_047213.1,99.31,17.1,partial,aac_3__IId.NG_047251.1,100,20.1,yes,aac_6___Ib_cr5.NG_051711.1,99.82,18.9,no,NA,NA,NA,yes,aadA5.NG_047357.1,100,30,no,NA,NA,NA,no,NA,NA,NA,no,NA,NA,NA,no,NA,NA,NA,no,NA,NA,NA,no,NA,NA,NA,no,NA,NA,NA,no,NA,NA,NA,no,NA,NA,NA,yes,blaCTX_M_15.NG_048935.1,100,61.7,yes,blaEC_8.NG_049086.1,98.68,19.4,yes,blaNDM_5.NG_049337.1,100,23.6,yes,blaOXA_1.NG_049392.1,100,20.6,no,NA,NA,NA,no,NA,NA,NA,yes,blaTEM_1.NG_050145.1,100,30.3,yes,ble.NG_047559.1,100,16,no,NA,NA,NA,partial,catB3.NG_052455.1,100,13.7,no,NA,NA,NA,no,NA,NA,NA,yes,dfrA17.NG_065416.1,99.79,24.4,no,NA,NA,NA,no,NA,NA,NA,no,NA,NA,NA,no,NA,NA,NA,no,NA,NA,NA,no,NA,NA,NA,no,NA,NA,NA,no,NA,NA,NA,no,NA,NA,NA,no,NA,NA,NA,no,NA,NA,NA,yes,qacEdelta1.NG_048042.1,100,22.8,no,NA,NA,NA,no,NA,NA,NA,no,NA,NA,NA,no,NA,NA,NA,no,NA,NA,NA,yes,sul1.NG_048082.1,100,29.4,no,NA,NA,NA,no,NA,NA,NA,no,NA,NA,NA,no,NA,NA,NA,no,NA,NA,NA
G18253247,partial,A7J11_01233.NG_047213.1,99.31,11.3,yes,aac_3__IId.NG_047251.1,100,16.8,yes,aac_6___Ib_cr5.NG_051711.1,99.82,14.1,no,NA,NA,NA,yes,aadA5.NG_047357.1,100,18.4,no,NA,NA,NA,yes,aadA2.NG_047343.1,100,24.6,no,NA,NA,NA,no,NA,NA,NA,no,NA,NA,NA,no,NA,NA,NA,yes_nonunique,blaCMY_2.NG_048814.1,100,25.1,no,NA,NA,NA,no,NA,NA,NA,yes,blaCTX_M_15.NG_048935.1,100,19.8,yes,blaEC_15.NG_049081.1,98.59,21.5,yes,blaNDM_5.NG_049337.1,100,21.1,yes,blaOXA_1.NG_049392.1,100,18.7,no,NA,NA,NA,yes,blaOXA_181.NG_049482.1,100,18.3,yes,blaTEM_1.NG_050145.1,100,38.6,yes,ble.NG_047559.1,100,15.8,no,NA,NA,NA,partial,catB3.NG_052455.1,100,13.3,no,NA,NA,NA,no,NA,NA,NA,yes,dfrA17.NG_065416.1,99.79,17.5,no,NA,NA,NA,yes,dfrA12.NG_047689.1,100,18.7,no,NA,NA,NA,partial,ere_A_.NG_047765.1,94.08,8,no,NA,NA,NA,no,NA,NA,NA,no,NA,NA,NA,no,NA,NA,NA,no,NA,NA,NA,no,NA,NA,NA,no,NA,NA,NA,yes_nonunique,qacEdelta1.NG_048042.1,100,39.5,no,NA,NA,NA,no,NA,NA,NA,yes,qnrS1.NG_050543.1,100,22.4,yes,rmtB1.NG_048058.1,100,23.1,no,NA,NA,NA,yes_nonunique,sul1.NG_048082.1,100,47.1,no,NA,NA,NA,no,NA,NA,NA,no,NA,NA,NA,yes,tet_B_.NG_048163.1,100,22.8,no,NA,NA,NA
G18253248,no,NA,NA,NA,no,NA,NA,NA,no,NA,NA,NA,no,NA,NA,NA,no,NA,NA,NA,no,NA,NA,NA,yes,aadA2.NG_047343.1,100,27,no,NA,NA,NA,no,NA,NA,NA,no,NA,NA,NA,no,NA,NA,NA,yes,blaCMY_42.NG_048837.1,100,9,no,NA,NA,NA,no,NA,NA,NA,no,NA,NA,NA,yes,blaEC_15.NG_049081.1,98.5,20.2,yes,blaNDM_5.NG_049337.1,100,16.8,no,NA,NA,NA,no,NA,NA,NA,no,NA,NA,NA,yes,blaTEM_1.NG_050145.1,100,17.9,yes,ble.NG_047559.1,100,15.2,no,NA,NA,NA,no,NA,NA,NA,no,NA,NA,NA,no,NA,NA,NA,no,NA,NA,NA,no,NA,NA,NA,yes,dfrA12.NG_047689.1,100,15.2,no,NA,NA,NA,no,NA,NA,NA,no,NA,NA,NA,no,NA,NA,NA,no,NA,NA,NA,yes,mph_A_.NG_047985.1,100,23.4,no,NA,NA,NA,no,NA,NA,NA,no,NA,NA,NA,yes,qacEdelta1.NG_048042.1,100,23.2,no,NA,NA,NA,no,NA,NA,NA,no,NA,NA,NA,yes,rmtB1.NG_048058.1,100,21.2,no,NA,NA,NA,yes,sul1.NG_048082.1,100,16.9,no,NA,NA,NA,no,NA,NA,NA,yes,tet_A_.NG_048154.1,100,21.3,no,NA,NA,NA,no,NA,NA,NA
G18253256,no,NA,NA,NA,no,NA,NA,NA,no,NA,NA,NA,no,NA,NA,NA,yes,aadA5.NG_047357.1,100,21.5,no,NA,NA,NA,no,NA,NA,NA,yes,aph_3____Ib.NG_056002.2,100,14.7,yes,aph_6__Id.NG_047464.1,100,10.9,no,NA,NA,NA,no,NA,NA,NA,no,NA,NA,NA,no,NA,NA,NA,no,NA,NA,NA,yes,blaCTX_M_15.NG_048935.1,100,21.4,yes,blaEC_8.NG_049086.1,98.68,20.9,yes,blaNDM_7.NG_049339.1,100,14.9,no,NA,NA,NA,no,NA,NA,NA,no,NA,NA,NA,yes,blaTEM_1.NG_050145.1,100,23.4,yes,ble.NG_047559.1,100,11.1,yes,catA1.NG_047587.1,99.85,17.4,no,NA,NA,NA,no,NA,NA,NA,no,NA,NA,NA,yes,dfrA17.NG_065416.1,99.79,17.2,no,NA,NA,NA,no,NA,NA,NA,no,NA,NA,NA,no,NA,NA,NA,no,NA,NA,NA,no,NA,NA,NA,no,NA,NA,NA,yes,mph_A_.NG_047985.1,100,22.9,no,NA,NA,NA,no,NA,NA,NA,no,NA,NA,NA,yes,qacEdelta1.NG_048042.1,100,14.5,no,NA,NA,NA,no,NA,NA,NA,no,NA,NA,NA,no,NA,NA,NA,no,NA,NA,NA,yes,sul1.NG_048082.1,100,20.7,yes,sul2.NG_048118.1,99.88,18.1,no,NA,NA,NA,no,NA,NA,NA,yes,tet_B_.NG_048163.1,100,42,no,NA,NA,NA
G18253261,no,NA,NA,NA,no,NA,NA,NA,no,NA,NA,NA,no,NA,NA,NA,no,NA,NA,NA,no,NA,NA,NA,yes,aadA2.NG_047343.1,100,121.7,no,NA,NA,NA,no,NA,NA,NA,no,NA,NA,NA,no,NA,NA,NA,no,NA,NA,NA,no,NA,NA,NA,no,NA,NA,NA,no,NA,NA,NA,yes,blaEC_8.NG_049086.1,98.68,21.1,yes,blaNDM_5.NG_049337.1,100,85.4,no,NA,NA,NA,no,NA,NA,NA,no,NA,NA,NA,yes,blaTEM_1.NG_050145.1,100,44.1,yes,ble.NG_047559.1,100,66.9,no,NA,NA,NA,no,NA,NA,NA,no,NA,NA,NA,no,NA,NA,NA,no,NA,NA,NA,no,NA,NA,NA,yes,dfrA12.NG_047689.1,100,84.1,no,NA,NA,NA,no,NA,NA,NA,no,NA,NA,NA,no,NA,NA,NA,no,NA,NA,NA,yes,mph_A_.NG_047985.1,100,109.1,no,NA,NA,NA,no,NA,NA,NA,no,NA,NA,NA,yes,qacEdelta1.NG_048042.1,100,88.3,no,NA,NA,NA,no,NA,NA,NA,no,NA,NA,NA,no,NA,NA,NA,no,NA,NA,NA,yes,sul1.NG_048082.1,100,102.2,no,NA,NA,NA,no,NA,NA,NA,no,NA,NA,NA,yes,tet_B_.NG_048163.1,100,44.7,no,NA,NA,NA
G18253279,no,NA,NA,NA,no,NA,NA,NA,no,NA,NA,NA,no,NA,NA,NA,no,NA,NA,NA,no,NA,NA,NA,no,NA,NA,NA,no,NA,NA,NA,no,NA,NA,NA,no,NA,NA,NA,no,NA,NA,NA,no,NA,NA,NA,no,NA,NA,NA,no,NA,NA,NA,no,NA,NA,NA,yes,blaEC_16.NG_049082.1,99.56,29.7,yes,blaNDM_5.NG_049337.1,100,17.8,no,NA,NA,NA,no,NA,NA,NA,no,NA,NA,NA,no,NA,NA,NA,yes,ble.NG_047559.1,100,15.6,no,NA,NA,NA,no,NA,NA,NA,no,NA,NA,NA,no,NA,NA,NA,no,NA,NA,NA,no,NA,NA,NA,no,NA,NA,NA,no,NA,NA,NA,no,NA,NA,NA,no,NA,NA,NA,no,NA,NA,NA,no,NA,NA,NA,no,NA,NA,NA,no,NA,NA,NA,no,NA,NA,NA,no,NA,NA,NA,no,NA,NA,NA,no,NA,NA,NA,no,NA,NA,NA,no,NA,NA,NA,no,NA,NA,NA,no,NA,NA,NA,no,NA,NA,NA,no,NA,NA,NA,no,NA,NA,NA,no,NA,NA,NA,no,NA,NA,NA,no,NA,NA,NA
G18253283,no,NA,NA,NA,no,NA,NA,NA,no,NA,NA,NA,interrupted,aadA13.NG_052310.1,91.74,17.6,no,NA,NA,NA,yes_nonunique,aadA1.NG_052454.1,99.36,33.2,no,NA,NA,NA,no,NA,NA,NA,no,NA,NA,NA,no,NA,NA,NA,no,NA,NA,NA,yes,blaCMY_42.NG_048837.1,100,23.3,no,NA,NA,NA,no,NA,NA,NA,no,NA,NA,NA,yes,blaEC_18.NG_049083.1,99.21,21.1,yes,blaNDM_5.NG_049337.1,100,19.7,yes,blaOXA_1.NG_049392.1,100,18.6,no,NA,NA,NA,no,NA,NA,NA,yes,blaTEM_1.NG_050145.1,100,140.1,yes,ble.NG_047559.1,100,17,yes,catA1.NG_047587.1,99.85,16.1,no,NA,NA,NA,no,NA,NA,NA,no,NA,NA,NA,no,NA,NA,NA,yes,dfrA1.NG_047676.1,100,18.1,no,NA,NA,NA,no,NA,NA,NA,no,NA,NA,NA,no,NA,NA,NA,no,NA,NA,NA,no,NA,NA,NA,no,NA,NA,NA,no,NA,NA,NA,no,NA,NA,NA,no,NA,NA,NA,no,NA,NA,NA,no,NA,NA,NA,no,NA,NA,NA,no,NA,NA,NA,no,NA,NA,NA,yes,sat2.NG_048068.1,100,13.1,no,NA,NA,NA,no,NA,NA,NA,no,NA,NA,NA,no,NA,NA,NA,yes,tet_B_.NG_048163.1,100,18.4,no,NA,NA,NA
G18253286,no,NA,NA,NA,no,NA,NA,NA,no,NA,NA,NA,no,NA,NA,NA,no,NA,NA,NA,no,NA,NA,NA,no,NA,NA,NA,no,NA,NA,NA,no,NA,NA,NA,no,NA,NA,NA,no,NA,NA,NA,no,NA,NA,NA,yes,blaSFO_1.NG_049982.1,100,14.7,no,NA,NA,NA,no,NA,NA,NA,yes,blaEC_18.NG_049083.1,99.12,25.2,yes,blaNDM_7.NG_049339.1,100,18.9,no,NA,NA,NA,no,NA,NA,NA,no,NA,NA,NA,yes,blaTEM_1.NG_050145.1,100,11.7,yes,ble.NG_047559.1,100,18.7,yes,catA1.NG_047587.1,99.85,16.4,no,NA,NA,NA,no,NA,NA,NA,no,NA,NA,NA,no,NA,NA,NA,no,NA,NA,NA,no,NA,NA,NA,yes,dfrB4.NG_047749.1,100,12.5,no,NA,NA,NA,no,NA,NA,NA,no,NA,NA,NA,no,NA,NA,NA,yes_nonunique,mph_A_.NG_047985.1,100,30.2,no,NA,NA,NA,no,NA,NA,NA,no,NA,NA,NA,yes,qacEdelta1.NG_048042.1,100,13.3,yes,qepA8.NG_062251.1,100,25.5,no,NA,NA,NA,no,NA,NA,NA,yes,rmtB1.NG_048058.1,100,13.7,no,NA,NA,NA,yes,sul1.NG_048082.1,100,21.5,no,NA,NA,NA,no,NA,NA,NA,no,NA,NA,NA,yes,tet_B_.NG_048163.1,100,19.2,no,NA,NA,NA
G18253302,no,NA,NA,NA,no,NA,NA,NA,no,NA,NA,NA,interrupted,aadA13.NG_052310.1,91.87,20.3,no,NA,NA,NA,yes_nonunique,aadA1.NG_052536.1,99.87,59.5,yes_nonunique,aadA2.NG_047343.1,100,29.3,no,NA,NA,NA,no,NA,NA,NA,no,NA,NA,NA,no,NA,NA,NA,no,NA,NA,NA,no,NA,NA,NA,no,NA,NA,NA,yes,blaCTX_M_15.NG_048935.1,100,18.9,yes,blaEC_18.NG_049083.1,99.21,19.4,yes,blaNDM_7.NG_049339.1,100,16.1,yes,blaOXA_1.NG_049392.1,100,22.9,no,NA,NA,NA,no,NA,NA,NA,yes,blaTEM_1.NG_050145.1,100,22.5,yes,ble.NG_047559.1,100,11.8,yes,catA1.NG_047587.1,99.85,22.3,no,NA,NA,NA,no,NA,NA,NA,no,NA,NA,NA,no,NA,NA,NA,yes,dfrA1.NG_047676.1,100,21.9,yes,dfrA12.NG_047689.1,100,16.1,no,NA,NA,NA,no,NA,NA,NA,yes,erm_B_.NG_047804.1,99.86,27.9,no,NA,NA,NA,no,NA,NA,NA,yes,mph_A_.NG_047985.1,100,21.8,no,NA,NA,NA,no,NA,NA,NA,no,NA,NA,NA,yes,qacEdelta1.NG_048042.1,100,14.7,no,NA,NA,NA,no,NA,NA,NA,no,NA,NA,NA,no,NA,NA,NA,yes,sat2.NG_048068.1,100,20.8,yes,sul1.NG_048082.1,100,16.6,no,NA,NA,NA,no,NA,NA,NA,no,NA,NA,NA,yes,tet_B_.NG_048163.1,100,22.9,no,NA,NA,NA
G18253305,partial,A7J11_01233.NG_047213.1,99.31,11.1,yes,aac_3__IId.NG_047251.1,100,15.3,yes,aac_6___Ib_cr5.NG_051711.1,99.82,14,no,NA,NA,NA,yes,aadA5.NG_047357.1,100,17.3,no,NA,NA,NA,no,NA,NA,NA,yes,aph_3____Ib.NG_056002.2,100,13.9,yes,aph_6__Id.NG_047464.1,100,9.9,no,NA,NA,NA,no,NA,NA,NA,yes,blaCMY_2.NG_048814.1,100,27.4,no,NA,NA,NA,no,NA,NA,NA,yes,blaCTX_M_15.NG_048935.1,100,18,yes,blaEC_15.NG_049081.1,98.59,28,no,NA,NA,NA,yes,blaOXA_1.NG_049392.1,100,16.5,no,NA,NA,NA,yes,blaOXA_181.NG_049482.1,100,17.7,yes,blaTEM_1.NG_050145.1,100,32.4,no,NA,NA,NA,no,NA,NA,NA,partial,catB3.NG_052455.1,100,10.4,no,NA,NA,NA,no,NA,NA,NA,yes,dfrA17.NG_065416.1,99.79,14,no,NA,NA,NA,no,NA,NA,NA,no,NA,NA,NA,partial,ere_A_.NG_047765.1,94.08,6,no,NA,NA,NA,no,NA,NA,NA,no,NA,NA,NA,yes,mph_A_.NG_047985.1,100,18.2,no,NA,NA,NA,no,NA,NA,NA,no,NA,NA,NA,yes,qacEdelta1.NG_048042.1,100,10.8,no,NA,NA,NA,no,NA,NA,NA,yes,qnrS1.NG_050543.1,100,16,no,NA,NA,NA,no,NA,NA,NA,yes,sul1.NG_048082.1,100,14.6,yes,sul2.NG_048118.1,99.88,11.8,no,NA,NA,NA,no,NA,NA,NA,yes,tet_B_.NG_048163.1,100,19.8,no,NA,NA,NA
G18253307,partial,A7J11_01233.NG_047213.1,99.31,11.6,no,NA,NA,NA,yes,aac_6___Ib_cr5.NG_051711.1,99.82,14.6,interrupted,aadA13.NG_052310.1,91.49,9.5,no,NA,NA,NA,yes,aadA1.NG_047327.1,100,20.9,no,NA,NA,NA,yes,aph_3____Ib.NG_056002.2,99.88,18.6,yes,aph_6__Id.NG_047464.1,100,13.4,no,NA,NA,NA,no,NA,NA,NA,no,NA,NA,NA,no,NA,NA,NA,no,NA,NA,NA,yes,blaCTX_M_15.NG_048935.1,100,40.4,yes,blaEC_8.NG_049086.1,98.24,22.4,no,NA,NA,NA,yes,blaOXA_1.NG_049392.1,100,22.8,no,NA,NA,NA,no,NA,NA,NA,yes,blaTEM_1.NG_050145.1,100,20.9,no,NA,NA,NA,yes,catA1.NG_047586.1,100,18,partial,catB3.NG_052455.1,100,12.3,no,NA,NA,NA,no,NA,NA,NA,no,NA,NA,NA,yes,dfrA1.NG_047676.1,100,16.8,no,NA,NA,NA,no,NA,NA,NA,no,NA,NA,NA,no,NA,NA,NA,no,NA,NA,NA,no,NA,NA,NA,no,NA,NA,NA,no,NA,NA,NA,no,NA,NA,NA,no,NA,NA,NA,no,NA,NA,NA,no,NA,NA,NA,no,NA,NA,NA,no,NA,NA,NA,no,NA,NA,NA,yes,sat2.NG_048068.1,100,13.2,no,NA,NA,NA,yes,sul2.NG_051852.1,99.88,22,no,NA,NA,NA,yes,tet_A_.NG_048154.1,100,17.9,no,NA,NA,NA,yes,tet_D_.NG_051690.1,100,23.4
G18253313,partial,A7J11_01233.NG_047213.1,99.31,22.5,no,NA,NA,NA,yes,aac_6___Ib_cr5.NG_051711.1,99.82,26.1,no,NA,NA,NA,yes,aadA5.NG_047357.1,100,32.8,no,NA,NA,NA,no,NA,NA,NA,yes,aph_3____Ib.NG_056002.2,100,27.7,yes,aph_6__Id.NG_047466.1,100,16.9,no,NA,NA,NA,no,NA,NA,NA,no,NA,NA,NA,no,NA,NA,NA,no,NA,NA,NA,yes,blaCTX_M_15.NG_048935.1,100,33.3,yes,blaEC_8.NG_049086.1,98.68,21.1,yes,blaNDM_5.NG_049337.1,100,20.4,yes,blaOXA_1.NG_049392.1,100,31.2,no,NA,NA,NA,no,NA,NA,NA,yes_nonunique,blaTEM_1.NG_050145.1,100,74.7,yes,ble.NG_047559.1,100,19.2,no,NA,NA,NA,partial,catB3.NG_052455.1,100,21.6,no,NA,NA,NA,no,NA,NA,NA,yes,dfrA17.NG_065416.1,99.79,28.6,no,NA,NA,NA,no,NA,NA,NA,no,NA,NA,NA,no,NA,NA,NA,no,NA,NA,NA,no,NA,NA,NA,no,NA,NA,NA,yes,mph_A_.NG_047985.1,100,25.6,no,NA,NA,NA,no,NA,NA,NA,no,NA,NA,NA,yes,qacEdelta1.NG_048042.1,100,24.4,no,NA,NA,NA,no,NA,NA,NA,no,NA,NA,NA,yes,rmtB1.NG_048058.1,100,28.4,no,NA,NA,NA,yes,sul1.NG_048082.1,100,27.4,yes,sul2.NG_051852.1,100,26.1,no,NA,NA,NA,yes,tet_A_.NG_048154.1,100,30.5,no,NA,NA,NA,no,NA,NA,NA
G18253316,no,NA,NA,NA,no,NA,NA,NA,no,NA,NA,NA,no,NA,NA,NA,no,NA,NA,NA,no,NA,NA,NA,no,NA,NA,NA,no,NA,NA,NA,no,NA,NA,NA,no,NA,NA,NA,no,NA,NA,NA,no,NA,NA,NA,no,NA,NA,NA,no,NA,NA,NA,no,NA,NA,NA,yes,blaEC.NG_047494.1,100,29.2,no,NA,NA,NA,no,NA,NA,NA,no,NA,NA,NA,no,NA,NA,NA,yes,blaTEM_35.NG_050264.1,99.88,58,no,NA,NA,NA,no,NA,NA,NA,no,NA,NA,NA,no,NA,NA,NA,no,NA,NA,NA,no,NA,NA,NA,no,NA,NA,NA,no,NA,NA,NA,no,NA,NA,NA,no,NA,NA,NA,no,NA,NA,NA,no,NA,NA,NA,no,NA,NA,NA,yes,mph_A_.NG_047985.1,100,64.5,no,NA,NA,NA,no,NA,NA,NA,no,NA,NA,NA,no,NA,NA,NA,no,NA,NA,NA,no,NA,NA,NA,no,NA,NA,NA,no,NA,NA,NA,no,NA,NA,NA,no,NA,NA,NA,no,NA,NA,NA,no,NA,NA,NA,no,NA,NA,NA,no,NA,NA,NA,no,NA,NA,NA
G18253321,partial,A7J11_01233.NG_047213.1,99.31,9.3,no,NA,NA,NA,yes,aac_6___Ib_cr5.NG_051711.1,99.82,9.9,no,NA,NA,NA,yes,aadA5.NG_047357.1,100,14.8,no,NA,NA,NA,no,NA,NA,NA,no,NA,NA,NA,no,NA,NA,NA,no,NA,NA,NA,no,NA,NA,NA,yes,blaCMY_2.NG_048814.1,100,29.3,no,NA,NA,NA,no,NA,NA,NA,yes,blaCTX_M_15.NG_048935.1,100,11.6,yes,blaEC_15.NG_049081.1,98.59,22.2,no,NA,NA,NA,yes,blaOXA_1.NG_049392.1,100,13.8,no,NA,NA,NA,no,NA,NA,NA,yes,blaTEM_1.NG_050145.1,100,14.2,no,NA,NA,NA,no,NA,NA,NA,partial,catB3.NG_052455.1,100,8.3,no,NA,NA,NA,no,NA,NA,NA,yes,dfrA17.NG_065416.1,99.79,9.8,no,NA,NA,NA,no,NA,NA,NA,no,NA,NA,NA,no,NA,NA,NA,no,NA,NA,NA,no,NA,NA,NA,no,NA,NA,NA,no,NA,NA,NA,no,NA,NA,NA,no,NA,NA,NA,no,NA,NA,NA,yes,qacEdelta1.NG_048042.1,100,10.3,no,NA,NA,NA,no,NA,NA,NA,no,NA,NA,NA,no,NA,NA,NA,no,NA,NA,NA,yes,sul1.NG_048082.1,100,11.5,no,NA,NA,NA,no,NA,NA,NA,no,NA,NA,NA,yes,tet_B_.NG_048163.1,100,13.9,no,NA,NA,NA
G18253323,partial,A7J11_01233.NG_047213.1,99.31,7.8,no,NA,NA,NA,yes,aac_6___Ib_cr5.NG_051711.1,99.82,8.5,no,NA,NA,NA,yes,aadA5.NG_047357.1,100,10.6,no,NA,NA,NA,no,NA,NA,NA,no,NA,NA,NA,no,NA,NA,NA,no,NA,NA,NA,no,NA,NA,NA,yes,blaCMY_2.NG_048814.1,100,28.8,no,NA,NA,NA,no,NA,NA,NA,yes,blaCTX_M_15.NG_048935.1,100,10.5,yes,blaEC_15.NG_049081.1,98.59,29.1,no,NA,NA,NA,yes,blaOXA_1.NG_049392.1,100,12.7,no,NA,NA,NA,yes,blaOXA_181.NG_049482.1,100,20.8,yes,blaTEM_1.NG_050145.1,100,9.1,no,NA,NA,NA,no,NA,NA,NA,partial,catB3.NG_052455.1,100,10,no,NA,NA,NA,no,NA,NA,NA,yes,dfrA17.NG_065416.1,99.79,7.6,no,NA,NA,NA,no,NA,NA,NA,no,NA,NA,NA,partial,ere_A_.NG_047765.1,94.08,7.9,no,NA,NA,NA,no,NA,NA,NA,no,NA,NA,NA,no,NA,NA,NA,no,NA,NA,NA,no,NA,NA,NA,no,NA,NA,NA,yes,qacEdelta1.NG_048042.1,100,9.8,no,NA,NA,NA,no,NA,NA,NA,yes,qnrS1.NG_050543.1,100,16.6,no,NA,NA,NA,no,NA,NA,NA,yes,sul1.NG_048082.1,100,9.1,no,NA,NA,NA,no,NA,NA,NA,no,NA,NA,NA,yes,tet_B_.NG_048163.1,100,11.2,no,NA,NA,NA
G18253332,no,NA,NA,NA,no,NA,NA,NA,no,NA,NA,NA,no,NA,NA,NA,no,NA,NA,NA,no,NA,NA,NA,yes,aadA2.NG_047343.1,100,32,no,NA,NA,NA,no,NA,NA,NA,no,NA,NA,NA,no,NA,NA,NA,yes,blaCMY_141.NG_051215.1,100,13.8,no,NA,NA,NA,no,NA,NA,NA,no,NA,NA,NA,yes,blaEC_8.NG_049086.1,98.24,19.9,no,NA,NA,NA,no,NA,NA,NA,no,NA,NA,NA,no,NA,NA,NA,no,NA,NA,NA,no,NA,NA,NA,no,NA,NA,NA,no,NA,NA,NA,no,NA,NA,NA,no,NA,NA,NA,no,NA,NA,NA,no,NA,NA,NA,yes,dfrA12.NG_047689.1,100,20.7,no,NA,NA,NA,no,NA,NA,NA,yes,erm_B_.NG_047804.1,99.86,31,no,NA,NA,NA,no,NA,NA,NA,yes,mph_A_.NG_047985.1,100,35.7,no,NA,NA,NA,no,NA,NA,NA,no,NA,NA,NA,yes,qacEdelta1.NG_048042.1,100,25.3,no,NA,NA,NA,no,NA,NA,NA,no,NA,NA,NA,no,NA,NA,NA,no,NA,NA,NA,yes,sul1.NG_048082.1,100,27.8,no,NA,NA,NA,no,NA,NA,NA,no,NA,NA,NA,no,NA,NA,NA,no,NA,NA,NA
G18253335,no,NA,NA,NA,no,NA,NA,NA,no,NA,NA,NA,no,NA,NA,NA,no,NA,NA,NA,yes,aadA1.NG_052477.1,99.87,14.5,yes,aadA2.NG_051846.1,99.87,14,no,NA,NA,NA,no,NA,NA,NA,no,NA,NA,NA,no,NA,NA,NA,yes,blaCMY_42.NG_048837.1,100,13.3,no,NA,NA,NA,no,NA,NA,NA,no,NA,NA,NA,yes,blaEC.NG_047496.1,99.91,27,no,NA,NA,NA,no,NA,NA,NA,no,NA,NA,NA,no,NA,NA,NA,yes,blaTEM_1.NG_050145.1,100,12.8,no,NA,NA,NA,no,NA,NA,NA,no,NA,NA,NA,no,NA,NA,NA,yes,cmlA1.NG_047648.1,99.92,16.3,no,NA,NA,NA,no,NA,NA,NA,yes,dfrA12.NG_047689.1,100,15.2,no,NA,NA,NA,no,NA,NA,NA,no,NA,NA,NA,no,NA,NA,NA,yes,mef_B_.NG_047978.1,100,18.3,yes,mph_A_.NG_047985.1,99.89,13.8,no,NA,NA,NA,no,NA,NA,NA,yes,qacL.NG_048049.1,100,14,no,NA,NA,NA,no,NA,NA,NA,no,NA,NA,NA,no,NA,NA,NA,no,NA,NA,NA,no,NA,NA,NA,no,NA,NA,NA,no,NA,NA,NA,yes,sul3.NG_048120.1,100,21.8,yes,tet_A_.NG_048154.1,100,14.9,no,NA,NA,NA,no,NA,NA,NA
